date,close,adjusted,volume
2016-04-06,35.75,35.75,3954887.0
2016-04-07,35.25,35.25,2025615.0000000002
2016-04-08,35.37,35.37,2438900.0
2016-04-11,35.02,35.02,2117416.0
2016-04-12,35.23,35.23,1973249.0
2016-04-13,36.0,36.0,6909311.0
2016-04-14,36.25,36.25,2910841.0
2016-04-15,36.17,36.17,1826635.0
2016-04-18,36.79,36.79,2651456.0
2016-04-19,36.62,36.62,2533238.0
2016-04-20,37.31,37.31,3134372.0
2016-04-21,37.5,37.5,4524164.0
2016-04-22,37.44,37.44,3378011.0
2016-04-25,37.79,37.79,1954656.0
2016-04-26,37.7,37.7,2589862.0
2016-04-27,37.83,37.83,3516102.0
2016-04-28,33.92,33.92,9927522.0
2016-04-29,33.59,33.59,7474407.0
2016-05-02,34.0,34.0,4488950.0
2016-05-03,34.26,34.26,5812668.0
2016-05-04,33.89,33.89,3455389.0
2016-05-05,33.75,33.75,3354061.0
2016-05-06,33.72,33.72,2656557.0
2016-05-09,33.88,33.88,3251536.0
2016-05-10,34.41,34.41,3897509.0
2016-05-11,34.17,34.17,1916719.0
2016-05-12,33.76,33.76,2796804.0
2016-05-13,33.75,33.75,2018828.0
2016-05-16,34.11,34.11,2160087.0
2016-05-17,33.57,33.57,2470390.0
2016-05-18,33.28,33.28,5989762.0
2016-05-19,33.28,33.28,2672167.0
2016-05-20,33.34,33.34,2247779.0
2016-05-23,33.08,33.08,2130761.0
2016-05-24,33.45,33.45,2609643.0
2016-05-25,33.61,33.61,3533214.0
2016-05-26,33.85,33.85,3568035.0
2016-05-27,34.41,34.41,3236976.0
2016-05-31,34.41,34.41,3518999.0
2016-06-01,34.66,34.66,3463390.0
2016-06-02,34.84,34.84,3038237.0
2016-06-03,34.32,34.32,3726998.0
2016-06-06,34.49,34.49,1779162.0
2016-06-07,34.28,34.28,2887123.0
2016-06-08,34.41,34.41,2489939.0
2016-06-09,34.95,34.95,5842231.0
2016-06-10,34.14,34.14,2555728.0
2016-06-13,33.41,33.41,2288005.0
2016-06-14,33.09,33.09,2510280.0
2016-06-15,33.13,33.13,2537672.0
2016-06-16,33.7,33.7,4725985.0
2016-06-17,33.81,33.81,4982381.0
2016-06-20,34.14,34.14,3631231.0
2016-06-21,33.88,33.88,2208209.0
2016-06-22,34.11,34.11,4699530.0
2016-06-23,35.62,35.62,4426927.0
2016-06-24,34.11,34.11,6377279.0
2016-06-27,32.93,32.93,2065449.0
2016-06-28,33.35,33.35,2283844.0
2016-06-29,34.06,34.06,3280348.0
2016-06-30,34.6,34.6,2508203.0
2016-07-01,34.85,34.85,2243868.0
2016-07-05,34.44,34.44,1988459.0
2016-07-06,34.7,34.7,2233704.0
2016-07-07,35.5,35.5,3322753.0
2016-07-08,35.93,35.93,1887656.0
2016-07-11,35.61,35.61,1779035.0
2016-07-12,35.71,35.71,1690296.0
2016-07-13,35.8,35.8,1696983.0
2016-07-14,36.53,36.53,2378818.0
2016-07-15,36.35,36.35,2696647.0
2016-07-18,36.44,36.44,1454850.0
2016-07-19,36.5,36.5,1534289.0
2016-07-20,36.82,36.82,2031397.0000000002
2016-07-21,36.45,36.45,4810880.0
2016-07-22,36.52,36.52,2252852.0
2016-07-25,36.57,36.57,2056391.0
2016-07-26,36.83,36.83,1891334.0
2016-07-27,37.2,37.2,3534350.0
2016-07-28,38.27,38.27,4563350.0
2016-07-29,38.49,38.49,2553587.0
2016-08-01,38.98,38.98,5388485.0
2016-08-02,39.03,39.03,4834564.0
2016-08-03,39.0,39.0,3586335.0
2016-08-04,38.68,38.68,2065500.0
2016-08-05,38.97,38.97,1498280.0
2016-08-08,38.41,38.41,2433362.0
2016-08-09,38.69,38.69,1671455.0
2016-08-10,38.55,38.55,921366.0
2016-08-11,38.85,38.85,2557952.0
2016-08-12,38.68,38.68,1448530.0
2016-08-15,39.0,39.0,1977675.0
2016-08-16,38.51,38.51,1179882.0
2016-08-17,38.08,38.08,1988357.0
2016-08-18,38.38,38.38,1456152.0
2016-08-19,38.34,38.34,2349173.0
2016-08-22,38.45,38.45,1562977.0
2016-08-23,38.79,38.79,2168385.0
2016-08-24,38.34,38.34,2128093.0
2016-08-25,38.43,38.43,2787586.0
2016-08-26,38.8,38.8,3220019.0
2016-08-29,38.73,38.73,1884926.0
2016-08-30,38.46,38.46,1987470.0
2016-08-31,38.42,38.42,2209546.0
2016-09-01,38.46,38.46,1699124.0
2016-09-02,38.51,38.51,1296867.0
2016-09-06,38.5,38.5,1664761.0
2016-09-07,38.67,38.67,1684427.0
2016-09-08,38.5,38.5,1669300.0
2016-09-09,37.16,37.16,2356534.0
2016-09-12,37.7,37.7,2006418.0
2016-09-13,37.41,37.41,2116255.0
2016-09-14,37.33,37.33,1970787.0
2016-09-15,37.75,37.75,1912523.0
2016-09-16,37.59,37.59,7160699.0
2016-09-19,37.91,37.91,2846608.0
2016-09-20,38.24,38.24,1698877.0
2016-09-21,38.53,38.53,1509323.0
2016-09-22,38.78,38.78,1315963.0
2016-09-23,38.45,38.45,2635904.0
2016-09-26,37.97,37.97,1547868.0
2016-09-27,38.76,38.76,3219505.0
2016-09-28,38.725,38.725,1247356.0
2016-09-29,38.14,38.14,1464729.0
2016-09-30,38.83,38.83,1864886.0
2016-10-03,38.88,38.88,2544910.0
2016-10-04,39.15,39.15,3612008.0
2016-10-05,39.53,39.53,2740065.0
2016-10-06,39.27,39.27,3237978.0
2016-10-07,39.74,39.74,2982062.0
2016-10-10,40.05,40.05,2055762.0
2016-10-11,38.69,38.69,2091446.0
2016-10-12,38.81,38.81,1368877.0
2016-10-13,38.32,38.32,1610074.0
2016-10-14,38.45,38.45,1547204.0
2016-10-17,38.57,38.57,1152200.0
2016-10-18,38.725,38.725,980962.0
2016-10-19,38.37,38.37,1721742.0
2016-10-20,38.47,38.47,1356763.0
2016-10-21,38.08,38.08,1389486.0
2016-10-24,38.17,38.17,1324325.0
2016-10-25,37.67,37.67,1659372.0
2016-10-26,36.6,36.6,3402549.0
2016-10-27,36.09,36.09,3199737.0
2016-10-28,35.98,35.98,2576020.0
2016-10-31,36.01,36.01,4561729.0
2016-11-01,35.66,35.66,2511063.0
2016-11-02,35.37,35.37,3478953.0
2016-11-03,37.19,37.19,6784437.0
2016-11-04,38.08,38.08,3925462.0
2016-11-07,38.68,38.68,3944142.0
2016-11-08,38.77,38.77,2696521.0
2016-11-09,37.16,37.16,5396608.0
2016-11-10,37.6,37.6,3715190.0
2016-11-11,36.74,36.74,2564499.0
2016-11-14,36.45,36.45,2843913.0
2016-11-15,37.6,37.6,2032300.0000000002
2016-11-16,37.48,37.48,2006632.0000000002
2016-11-17,38.58,38.58,2900095.0
2016-11-18,38.37,38.37,1916246.0
2016-11-21,38.65,38.65,1621393.0
2016-11-22,38.47,38.47,2975727.0
2016-11-23,38.97,38.97,2790360.0
2016-11-25,39.06,39.06,1310765.0
2016-11-28,38.68,38.68,2178699.0
2016-11-29,38.98,38.98,2903671.0
2016-11-30,38.28,38.28,3109086.0
2016-12-01,37.64,37.64,2939306.0
2016-12-02,37.92,37.92,1877929.0
2016-12-05,38.51,38.51,1706359.0
2016-12-06,38.89,38.89,1588654.0
2016-12-07,39.0,39.0,3123529.0
2016-12-08,38.96,38.96,1973519.0
2016-12-09,39.02,39.02,2617665.0
2016-12-12,39.75,39.75,5200282.0
2016-12-13,40.52,40.52,4091885.0000000005
2016-12-14,40.79,40.79,4022532.0
2016-12-15,40.69,40.69,3432563.0
2016-12-16,40.09,40.09,11098210.0
2016-12-19,40.08,40.08,2254593.0
2016-12-20,40.03,40.03,1430594.0
2016-12-21,39.99,39.99,1493679.0
2016-12-22,40.07,40.07,1830316.0
2016-12-23,40.33,40.33,1026732.0
2016-12-27,40.28,40.28,947862.0
2016-12-28,39.89,39.89,1355900.0
2016-12-29,40.08,40.08,1383985.0
2016-12-30,40.12,40.12,1661751.0
2017-01-03,40.15,40.15,2077792.9999999998
2017-01-04,40.03,40.03,2803868.0
2017-01-05,39.79,39.79,1948388.0
2017-01-06,39.88,39.88,2337704.0
2017-01-09,40.05,40.05,1810921.0
2017-01-10,40.435,40.435,2375621.0
2017-01-11,40.69,40.69,2212440.0
2017-01-12,40.17,40.17,1358292.0
2017-01-13,40.18,40.18,1206389.0
2017-01-17,39.93,39.93,1444030.0
2017-01-18,39.95,39.95,1489851.0
2017-01-19,39.6,39.6,1243643.0
2017-01-20,39.35,39.35,1782864.0
2017-01-23,39.26,39.26,1147670.0
2017-01-24,39.38,39.38,1477364.0
2017-01-25,40.27,40.27,3776343.0
2017-01-26,40.17,40.17,1872448.0
2017-01-27,40.58,40.58,1309749.0
2017-01-30,40.14,40.14,1665768.0
2017-01-31,40.53,40.53,2497433.0
2017-02-01,40.85,40.85,4582823.0
2017-02-02,39.47,39.47,4836775.0
2017-02-03,39.58,39.58,2655057.0
2017-02-06,39.34,39.34,2627149.0
2017-02-07,39.33,39.33,2661185.0
2017-02-08,39.16,39.16,2066825.9999999998
2017-02-09,40.12,40.12,2723542.0
2017-02-10,39.93,39.93,2129919.0
2017-02-13,40.02,40.02,1388231.0
2017-02-14,39.03,39.03,7092092.0
2017-02-15,39.4,39.4,3600435.0
2017-02-16,39.53,39.53,2962238.0
2017-02-17,40.0,40.0,2927049.0
2017-02-21,40.09,40.09,2516139.0
2017-02-22,40.27,40.27,1820629.0
2017-02-23,40.3,40.3,1518628.0
2017-02-24,40.82,40.82,2309211.0
2017-02-27,40.7,40.7,1680370.0
2017-02-28,40.58,40.58,1609555.0
2017-03-01,41.19,41.19,1867134.0
2017-03-02,41.02,41.02,1682731.0
2017-03-03,41.24,41.24,2167063.0
2017-03-06,41.17,41.17,2517821.0
2017-03-07,40.96,40.96,2659431.0
2017-03-08,41.92,41.92,3046025.0
2017-03-09,42.195,42.195,2570940.0
2017-03-10,42.23,42.23,1648045.0
2017-03-13,42.41,42.41,2046558.9999999998
2017-03-14,42.32,42.32,1637041.0
2017-03-15,42.78,42.78,2038144.0
2017-03-16,42.5,42.5,2123600.0
2017-03-17,42.59,42.59,2590776.0
2017-03-20,42.42,42.42,1597586.0
2017-03-21,41.94,41.94,2236157.0
2017-03-22,42.09,42.09,1639498.0
2017-03-23,42.23,42.23,1265401.0
2017-03-24,42.29,42.29,1827630.0
2017-03-27,42.72,42.72,1875223.0
2017-03-28,42.53,42.53,1927459.0
2017-03-29,42.63,42.63,2995751.0
2017-03-30,42.71,42.71,1649732.0
2017-03-31,42.55,42.55,1580847.0
2017-04-03,43.03,43.03,2865218.0
2017-04-04,42.42,42.42,2579259.0
2017-04-05,42.61,42.61,3158261.0
2017-04-06,42.44,42.44,2337268.0
2017-04-07,42.75,42.75,2516804.0
2017-04-10,42.46,42.46,2153969.0
2017-04-11,42.59,42.59,1785207.0
2017-04-12,42.5,42.5,1287624.0
2017-04-13,42.42,42.42,1028141.0
2017-04-17,42.64,42.64,1208541.0
2017-04-18,42.23,42.23,2738661.0
2017-04-19,42.69,42.69,1990915.0
2017-04-20,43.26,43.26,1762319.0
2017-04-21,43.3,43.3,2496367.0
2017-04-24,44.23,44.23,3780222.0
2017-04-25,44.43,44.43,2945717.0
2017-04-26,44.6,44.6,2314865.0
2017-04-27,44.58,44.58,1650172.0
2017-04-28,45.15,45.15,2147719.0
2017-05-01,45.36,45.36,2030208.0
2017-05-02,45.3,45.3,1818453.0
2017-05-03,45.1,45.1,2526750.0
2017-05-04,45.105,45.105,2620482.0
2017-05-05,45.04,45.04,2332998.0
2017-05-08,45.31,45.31,2474412.0
2017-05-09,45.57,45.57,2454731.0
2017-05-10,45.96,45.96,5106400.0
2017-05-11,43.62,43.62,8400988.0
2017-05-12,42.63,42.63,5535669.0
2017-05-15,43.24,43.24,4185482.0000000005
2017-05-16,43.44,43.44,3896054.0
2017-05-17,42.86,42.86,3114471.0
2017-05-18,43.08,43.08,3481015.0
2017-05-19,43.0,43.0,2648635.0
2017-05-22,43.18,43.18,2278585.0
2017-05-23,42.89,42.89,2711635.0
2017-05-24,43.0,43.0,2320316.0
2017-05-25,43.5,43.5,2299579.0
2017-05-26,43.35,43.35,2720432.0
2017-05-30,43.11,43.11,1971799.0
2017-05-31,43.31,43.31,3588992.0
2017-06-01,44.35,44.35,3765241.0
2017-06-02,45.03,45.03,2636591.0
2017-06-05,44.96,44.96,1677915.0
2017-06-06,44.42,44.42,1958744.0
2017-06-07,45.13,45.13,2137029.0
2017-06-08,45.16,45.16,1507328.0
2017-06-09,44.67,44.67,1959688.0
2017-06-12,44.29,44.29,2648542.0
2017-06-13,44.73,44.73,2076887.0000000002
2017-06-14,44.71,44.71,1676734.0
2017-06-15,44.72,44.72,1333551.0
2017-06-16,44.32,44.32,2826586.0
2017-06-19,45.02,45.02,1608226.0
2017-06-20,45.4,45.4,2935429.0
2017-06-21,45.79,45.79,1596868.0
2017-06-22,46.49,46.49,2282506.0
2017-06-23,46.13,46.13,9669852.0
2017-06-26,46.14,46.14,1298789.0
2017-06-27,45.49,45.49,1976781.0
2017-06-28,45.78,45.78,1803139.0
2017-06-29,45.48,45.48,2531188.0
2017-06-30,45.38,45.38,2797470.0
2017-07-03,44.73,44.73,1063315.0
2017-07-05,45.16,45.16,2252123.0
2017-07-06,44.59,44.59,2669955.0
2017-07-07,45.08,45.08,1465855.0
2017-07-10,44.81,44.81,1883712.0
2017-07-11,44.48,44.48,1777260.0
2017-07-12,45.16,45.16,2065013.0
2017-07-13,44.84,44.84,1660188.0
2017-07-14,45.17,45.17,1507456.0
2017-07-17,44.61,44.61,2992880.0
2017-07-18,44.95,44.95,1649741.0
2017-07-19,45.28,45.28,2259133.0
2017-07-20,45.41,45.41,1990874.0
2017-07-21,45.01,45.01,1566901.0
2017-07-24,45.13,45.13,1430629.0
2017-07-25,45.09,45.09,1363039.0
2017-07-26,45.14,45.14,1199698.0
2017-07-27,44.44,44.44,1863629.0
2017-07-28,44.12,44.12,2689152.0
2017-07-31,44.21,44.21,2109656.0
2017-08-01,44.0,44.0,2313724.0
2017-08-02,43.67,43.67,6896682.0
2017-08-03,39.91,39.91,13607780.0
2017-08-04,39.25,39.25,5768147.0
2017-08-07,39.03,39.03,4007627.0000000005
2017-08-08,38.96,38.96,4143085.0
2017-08-09,38.33,38.33,5540947.0
2017-08-10,37.39,37.39,3691144.0
2017-08-11,38.2,38.2,3819623.0
2017-08-14,38.44,38.44,4719040.0
2017-08-15,38.19,38.19,3626841.0
2017-08-16,38.21,38.21,2818219.0
2017-08-17,37.95,37.95,3998790.0
2017-08-18,37.42,37.42,3632428.0
2017-08-21,37.63,37.63,2504575.0
2017-08-22,37.6,37.6,3056843.0
2017-08-23,37.19,37.19,2260765.0
2017-08-24,37.54,37.54,4864663.0
2017-08-25,37.91,37.91,2976625.0
2017-08-28,37.49,37.49,3264486.0
2017-08-29,37.77,37.77,2657797.0
2017-08-30,37.92,37.92,1971643.0
2017-08-31,38.6,38.6,2745633.0
2017-09-01,38.51,38.51,1770598.0
2017-09-05,38.92,38.92,3132378.0
2017-09-06,39.06,39.06,1718879.0
2017-09-07,38.9,38.9,2066714.0000000002
2017-09-08,38.8,38.8,3423696.0
2017-09-11,39.2,39.2,3326646.0
2017-09-12,38.19,38.19,4420049.0
2017-09-13,37.56,37.56,6978447.0
2017-09-14,37.74,37.74,3561469.0
2017-09-15,37.72,37.72,3344455.0
2017-09-18,37.36,37.36,2276621.0
2017-09-19,37.13,37.13,3127078.0
2017-09-20,37.38,37.38,3965733.0
2017-09-21,37.53,37.53,2306324.0
2017-09-22,37.57,37.57,1935910.0
2017-09-25,37.36,37.36,1951997.0
2017-09-26,37.42,37.42,1400090.0
2017-09-27,37.17,37.17,3279712.0
2017-09-28,36.65,36.65,4144042.0
2017-09-29,36.69,36.69,5125415.0
2017-10-02,37.02,37.02,4157828.0000000005
2017-10-03,37.7,37.7,4134699.0000000005
2017-10-04,37.78,37.78,3329312.0
2017-10-05,37.79,37.79,2628322.0
2017-10-06,37.69,37.69,3022654.0
2017-10-09,36.89,36.89,2677226.0
2017-10-10,36.86,36.86,2428699.0
2017-10-11,36.66,36.66,2746475.0
2017-10-12,36.56,36.56,1751177.0
2017-10-13,36.28,36.28,2590564.0
2017-10-16,35.9,35.9,5243508.0
2017-10-17,36.81,36.81,4381434.0
2017-10-18,36.89,36.89,2647189.0
2017-10-19,37.08,37.08,2029703.0
2017-10-20,37.01,37.01,2340233.0
2017-10-23,37.2,37.2,1653197.0
2017-10-24,37.04,37.04,1810923.0
2017-10-25,37.03,37.03,1742814.0
2017-10-26,37.13,37.13,1978342.0
2017-10-27,37.24,37.24,2953423.0
2017-10-30,37.21,37.21,2666134.0
2017-10-31,37.85,37.85,2933471.0
2017-11-01,38.2,38.2,3508930.0
2017-11-02,38.42,38.42,3227532.0
2017-11-03,39.56,39.56,5262471.0
2017-11-06,39.06,39.06,2687413.0
2017-11-07,39.5,39.5,2970636.0
2017-11-08,39.54,39.54,3995572.0
2017-11-09,39.65,39.65,5799335.0
2017-11-10,38.97,38.97,4908600.0
2017-11-13,40.64,40.64,4259656.0
2017-11-14,39.62,39.62,4083942.9999999995
2017-11-15,39.25,39.25,2598589.0
2017-11-16,39.72,39.72,1472641.0
2017-11-17,39.96,39.96,2092406.0
2017-11-20,40.19,40.19,2200825.0
2017-11-21,40.6,40.6,2693622.0
2017-11-22,40.88,40.88,3276286.0
2017-11-24,40.87,40.87,1036963.0000000001
2017-11-27,40.77,40.77,2098565.0
2017-11-28,40.45,40.45,2311135.0
2017-11-29,42.27,42.27,4855330.0
2017-11-30,41.72,41.72,5542893.0
2017-12-01,40.85,40.85,4392597.0
2017-12-04,41.85,41.85,5889153.0
2017-12-05,41.89,41.89,2221373.0
2017-12-06,41.44,41.44,3069138.0
2017-12-07,41.68,41.68,2166691.0
2017-12-08,42.69,42.69,3666107.0
2017-12-11,43.82,43.82,4438413.0
2017-12-12,43.57,43.57,2950904.0
2017-12-13,43.68,43.68,2885046.0
2017-12-14,42.96,42.96,2346312.0
2017-12-15,43.53,43.53,4541724.0
2017-12-18,43.36,43.36,2264120.0
2017-12-19,43.49,43.49,2161152.0
2017-12-20,43.44,43.44,1797360.0
2017-12-21,43.25,43.25,1358585.0
2017-12-22,43.37,43.37,810235.0
2017-12-26,43.23,43.23,509312.0
2017-12-27,43.23,43.23,847743.0
2017-12-28,43.3,43.3,1001703.0
2017-12-29,42.75,42.75,1217868.0
2018-01-02,42.87,42.87,2533922.0
2018-01-03,43.49,43.49,1864591.0
2018-01-04,43.77,43.77,2407747.0
2018-01-05,43.98,43.98,1827403.0
2018-01-08,44.42,44.42,2770143.0
2018-01-09,44.22,44.22,2861998.0
2018-01-10,43.56,43.56,4427109.0
2018-01-11,43.55,43.55,2975971.0
2018-01-12,43.71,43.71,3060034.0
2018-01-16,43.75,43.75,4073323.0000000005
2018-01-17,44.0,44.0,2087071.0
2018-01-18,43.85,43.85,2134697.0
2018-01-19,43.46,43.46,4355482.0
2018-01-22,43.24,43.24,2738656.0
2018-01-23,42.95,42.95,1724317.0
2018-01-24,42.9,42.9,2628886.0
2018-01-25,42.9,42.9,2209949.0
2018-01-26,43.38,43.38,1974642.0
2018-01-29,43.75,43.75,2164245.0
2018-01-30,43.13,43.13,3494470.0
2018-01-31,42.7,42.7,2936822.0
2018-02-01,42.58,42.58,2979824.0
2018-02-02,42.04,42.04,1921760.0
2018-02-05,40.3,40.3,3405814.0
2018-02-06,40.39,40.39,2480853.0
2018-02-07,40.45,40.45,2657711.0
2018-02-08,38.8,38.8,3177533.0
2018-02-09,37.75,37.75,8335008.999999999
2018-02-12,38.04,38.04,4473250.0
2018-02-13,37.8,37.8,3386140.0
2018-02-14,38.03,38.03,3320790.0
2018-02-15,39.18,39.18,2829148.0
2018-02-16,39.29,39.29,3134816.0
2018-02-20,38.87,38.87,1408042.0
2018-02-21,38.85,38.85,1849458.0
2018-02-22,38.94,38.94,2154959.0
2018-02-23,39.21,39.21,1477516.0
2018-02-26,39.83,39.83,2086898.0000000002
2018-02-27,39.56,39.56,1938042.0
2018-02-28,38.83,38.83,2740008.0
2018-03-01,37.99,37.99,2240877.0
2018-03-02,38.21,38.21,2075721.9999999998
2018-03-05,38.64,38.64,1566962.0
2018-03-06,38.41,38.41,2021745.9999999998
2018-03-07,38.64,38.64,2034342.9999999998
2018-03-08,38.66,38.66,2026119.0
2018-03-09,39.57,39.57,1608470.0
2018-03-12,38.93,38.93,1939157.0
2018-03-13,38.78,38.78,2362863.0
2018-03-14,38.44,38.44,1452976.0
2018-03-15,38.48,38.48,1246237.0
2018-03-16,38.46,38.46,3226866.0
2018-03-19,37.84,37.84,2821917.0
2018-03-20,37.81,37.81,2963093.0
2018-03-21,38.19,38.19,2749605.0
2018-03-22,38.15,38.15,3299273.0
2018-03-23,37.26,37.26,1934884.0
2018-03-26,37.67,37.67,2703802.0
2018-03-27,37.63,37.63,2434541.0
2018-03-28,37.39,37.39,2445007.0
2018-03-29,37.36,37.36,3060376.0
2018-04-02,36.64,36.64,2113416.0
2018-04-03,36.78,36.78,4367921.0
2018-04-04,37.27,37.27,3875243.0
2018-04-05,37.45,37.45,4651624.0
2018-04-06,36.43,36.43,2194296.0
2018-04-09,36.53,36.53,1743564.0
2018-04-10,37.01,37.01,1849557.0
2018-04-11,36.77,36.77,1991014.0
2018-04-12,37.05,37.05,3567585.0
2018-04-13,37.02,37.02,1772968.0
2018-04-16,37.69,37.69,1241950.0
2018-04-17,38.67,38.67,3546894.0
2018-04-18,39.16,39.16,1908437.0
2018-04-19,38.61,38.61,1377891.0
2018-04-20,38.3,38.3,1429665.0
2018-04-23,38.43,38.43,1336098.0
2018-04-24,38.62,38.62,2521796.0
2018-04-25,38.85,38.85,1066012.0
2018-04-26,39.2,39.2,1920310.0
2018-04-27,39.36,39.36,1062370.0
2018-04-30,38.79,38.79,2276816.0
2018-05-01,39.63,39.63,2402175.0
2018-05-02,39.64,39.64,2529546.0
2018-05-03,36.91,36.91,9653131.0
2018-05-04,37.93,37.93,4731319.0
2018-05-07,36.92,36.92,4107077.9999999995
2018-05-08,36.94,36.94,2501232.0
2018-05-09,36.91,36.91,2210994.0
2018-05-10,38.19,38.19,2972722.0
2018-05-11,38.26,38.26,1828733.0
2018-05-14,38.3,38.3,2119755.0
2018-05-15,37.88,37.88,2382159.0
2018-05-16,38.7,38.7,2009783.9999999998
2018-05-17,38.98,38.98,1967661.0
2018-05-18,38.82,38.82,1408602.0
2018-05-21,39.07,39.07,1247576.0
2018-05-22,38.89,38.89,1122059.0
2018-05-23,38.82,38.82,963007.0
2018-05-24,38.72,38.72,1306719.0
2018-05-25,38.92,38.92,1099563.0
2018-05-29,38.58,38.58,1392896.0
2018-05-30,39.02,39.02,1400252.0
2018-05-31,37.89,37.89,2305296.0
2018-06-01,38.1,38.1,2987148.0
2018-06-04,38.2,38.2,2626960.0
2018-06-05,38.0,38.0,2617802.0
2018-06-06,37.97,37.97,1622322.0
2018-06-07,38.14,38.14,2202379.0
2018-06-08,38.34,38.34,2112918.0
2018-06-11,38.44,38.44,1597023.0
2018-06-12,38.78,38.78,2217479.0
2018-06-13,38.74,38.74,1880074.0
2018-06-14,40.23,40.23,4159655.0
2018-06-15,40.43,40.43,3230439.0
2018-06-18,40.24,40.24,1440384.0
2018-06-19,39.75,39.75,2008861.0
2018-06-20,39.75,39.75,1698959.0
2018-06-21,39.57,39.57,4393813.0
2018-06-22,40.46,40.46,4523405.0
2018-06-25,39.64,39.64,1571834.0
2018-06-26,39.81,39.81,1465553.0
2018-06-27,39.33,39.33,1207762.0
2018-06-28,39.42,39.42,872506.0
2018-06-29,39.75,39.75,2188238.0
2018-07-02,39.63,39.63,1456488.0
2018-07-03,39.52,39.52,948452.0
2018-07-05,40.24,40.24,3023492.0
2018-07-06,41.09,41.09,1639091.0
2018-07-09,41.22,41.22,1329085.0
2018-07-10,41.36,41.36,1124111.0
2018-07-11,41.57,41.57,1510833.0
2018-07-12,41.95,41.95,2018040.0
2018-07-13,42.01,42.01,1231272.0
2018-07-16,41.09,41.09,1184595.0
2018-07-17,41.5,41.5,1006637.9999999999
2018-07-18,41.08,41.08,1012896.0
2018-07-19,41.32,41.32,1032694.9999999999
2018-07-20,41.12,41.12,1276132.0
2018-07-23,41.4,41.4,1145089.0
2018-07-24,41.72,41.72,2655230.0
2018-07-25,42.0,42.0,1487376.0
2018-07-26,42.61,42.61,1521926.0
2018-07-27,42.48,42.48,2094177.9999999998
2018-07-30,42.92,42.92,3560335.0
2018-07-31,42.91,42.91,2960809.0
2018-08-01,41.43,41.43,7311275.0
2018-08-02,42.12,42.12,4147159.0000000005
2018-08-03,42.11,42.11,2273661.0
2018-08-06,42.0,42.0,2200862.0
2018-08-07,41.68,41.68,1862950.0
2018-08-08,41.29,41.29,1611149.0
2018-08-09,41.03,41.03,1670000.0
2018-08-10,40.66,40.66,1130394.0
2018-08-13,39.02,39.02,4668691.0
2018-08-14,39.27,39.27,4234426.0
2018-08-15,38.41,38.41,2241680.0
2018-08-16,38.16,38.16,2166449.0
2018-08-17,38.33,38.33,3686589.0
2018-08-20,38.26,38.26,2624802.0
2018-08-21,38.49,38.49,2636886.0
2018-08-22,39.02,39.02,2289661.0
2018-08-23,38.63,38.63,1370082.0
2018-08-24,39.06,39.06,1300170.0
2018-08-27,39.06,39.06,1746905.0
2018-08-28,39.26,39.26,1916593.0
2018-08-29,39.46,39.46,1192910.0
2018-08-30,39.69,39.69,1717795.0
2018-08-31,39.76,39.76,1530776.0
2018-09-04,39.72,39.72,2191922.0
2018-09-05,39.04,39.04,2991783.0
2018-09-06,38.74,38.74,1930043.0
2018-09-07,38.45,38.45,1540850.0
2018-09-10,38.79,38.79,1320216.0
2018-09-11,38.72,38.72,1806709.0
2018-09-12,39.05,39.05,827131.0
2018-09-13,39.46,39.46,2378032.0
2018-09-14,39.64,39.64,2385715.0
2018-09-17,39.53,39.53,1977231.0
2018-09-18,40.5,40.5,3610807.0
2018-09-19,40.93,40.93,2770989.0
2018-09-20,41.17,41.17,1268505.0
2018-09-21,41.24,41.24,1915357.0
2018-09-24,40.67,40.67,1784514.0
2018-09-25,41.23,41.23,2537367.0
2018-09-26,41.05,41.05,1199355.0
2018-09-27,40.75,40.75,1222708.0
2018-09-28,40.98,40.98,1213370.0
2018-10-01,41.04,41.04,1002575.9999999999
2018-10-02,40.96,40.96,1664758.0
2018-10-03,40.9,40.9,1104226.0
2018-10-04,40.53,40.53,1624774.0
2018-10-05,40.48,40.48,2029370.9999999998
2018-10-08,40.66,40.66,1994523.0
2018-10-09,41.35,41.35,2250730.0
2018-10-10,40.56,40.56,2660504.0
2018-10-11,39.34,39.34,2922342.0
2018-10-12,40.04,40.04,2105098.0
2018-10-15,40.13,40.13,1476848.0
2018-10-16,41.27,41.27,1270594.0
2018-10-17,41.59,41.59,1137057.0
2018-10-18,41.1,41.1,1090251.0
2018-10-19,40.83,40.83,1619517.0
2018-10-22,40.58,40.58,1821508.0
2018-10-23,40.2,40.2,1199092.0
2018-10-24,38.76,38.76,3101375.0
2018-10-25,38.98,38.98,3564588.0
2018-10-26,38.22,38.22,2099945.0
2018-10-29,37.9,37.9,2808930.0
2018-10-30,38.65,38.65,1798406.0
2018-10-31,38.99,38.99,2057184.0
2018-11-01,40.09,40.09,1419432.0
2018-11-02,40.13,40.13,1401675.0
2018-11-05,39.99,39.99,1502131.0
2018-11-06,40.47,40.47,1626394.0
2018-11-07,41.26,41.26,3389310.0
2018-11-08,42.46,42.46,3809878.0
2018-11-09,41.78,41.78,2607170.0
2018-11-12,40.97,40.97,2241614.0
2018-11-13,40.33,40.33,2155471.0
2018-11-14,39.82,39.82,2529243.0
2018-11-15,41.34,41.34,3150449.0
2018-11-16,42.11,42.11,2347667.0
2018-11-19,41.57,41.57,2487810.0
2018-11-20,41.29,41.29,4570267.0
2018-11-21,41.54,41.54,2057525.0
2018-11-23,42.47,42.47,1538408.0
2018-11-26,42.95,42.95,1871284.0
2018-11-27,43.67,43.67,3046664.0
2018-11-28,44.51,44.51,1998091.0
2018-11-29,44.41,44.41,1766601.0
2018-11-30,44.41,44.41,2074583.0
2018-12-03,44.89,44.89,1908357.0
2018-12-04,43.9,43.9,1937700.0
2018-12-06,43.25,43.25,3513685.0
2018-12-07,41.98,41.98,2296586.0
2018-12-10,42.38,42.38,1859645.0
2018-12-11,42.44,42.44,1378669.0
2018-12-12,42.88,42.88,1427658.0
2018-12-13,42.84,42.84,1685380.0
2018-12-14,41.94,41.94,1746432.0
2018-12-17,40.26,40.26,3224867.0
2018-12-18,40.16,40.16,3121213.0
2018-12-19,39.68,39.68,2503214.0
2018-12-20,38.59,38.59,3877471.0
2018-12-21,38.41,38.41,10103120.0
2018-12-24,37.76,37.76,2023432.9999999998
2018-12-26,39.97,39.97,3866357.0
2018-12-27,40.71,40.71,3590984.0
2018-12-28,40.45,40.45,2140373.0
2018-12-31,41.1,41.1,1430799.0
2019-01-02,38.42,38.42,4679607.0
2019-01-03,38.28,38.28,2243608.0
2019-01-04,39.15,39.15,2356095.0
2019-01-07,40.49,40.49,2889900.0
2019-01-08,40.86,40.86,2118375.0
2019-01-09,42.08,42.08,2119503.0
2019-01-10,42.56,42.56,1945630.0
2019-01-11,42.89,42.89,1614522.0
2019-01-14,42.53,42.53,1522421.0
2019-01-15,42.94,42.94,1972615.0
2019-01-16,42.97,42.97,2046071.0
2019-01-17,43.1,43.1,1959351.0
2019-01-18,44.12,44.12,4622887.0
2019-01-22,44.19,44.19,2062088.9999999998
2019-01-23,44.4,44.4,1451694.0
2019-01-24,44.58,44.58,1917963.0
2019-01-25,44.83,44.83,1723965.0
2019-01-28,44.62,44.62,2036651.0
2019-01-29,44.12,44.12,2824737.0
2019-01-30,45.01,45.01,2929645.0
2019-01-31,44.4,44.4,4383688.0
2019-02-01,43.7,43.7,2784829.0
2019-02-04,43.91,43.91,1984645.0
2019-02-05,44.15,44.15,1695015.0
2019-02-06,43.83,43.83,1168341.0
2019-02-07,43.45,43.45,1713424.0
2019-02-08,43.61,43.61,1250864.0
2019-02-11,43.79,43.79,1742968.0
2019-02-12,44.72,44.72,1866749.0
2019-02-13,44.9,44.9,1395909.0
2019-02-14,45.23,45.23,1408148.0
2019-02-15,46.29,46.29,2001084.0
2019-02-19,46.29,46.29,1553777.0
2019-02-20,46.42,46.42,1563074.0
2019-02-21,46.45,46.45,1860917.0
2019-02-22,46.96,46.96,2472569.0
2019-02-25,46.99,46.99,4294837.0
2019-02-26,46.38,46.38,3268089.0
2019-02-27,46.96,46.96,1784274.0
2019-02-28,47.15,47.15,2302696.0
2019-03-01,47.92,47.92,1272637.0
2019-03-04,47.42,47.42,1526317.0
2019-03-05,47.5,47.5,1343493.0
2019-03-06,46.72,46.72,1527820.0
2019-03-07,46.81,46.81,1717565.0
2019-03-08,46.61,46.61,1020316.0
2019-03-11,46.95,46.95,2546811.0
2019-03-12,47.21,47.21,1129645.0
2019-03-13,47.39,47.39,1654135.0
2019-03-14,47.36,47.36,2008810.0
2019-03-15,47.63,47.63,2379638.0
2019-03-18,47.18,47.18,2763170.0
2019-03-19,47.43,47.43,1278177.0
2019-03-20,47.3,47.3,1320054.0
2019-03-21,47.72,47.72,1188524.0
2019-03-22,46.85,46.85,933605.0
2019-03-25,46.81,46.81,994822.0
2019-03-26,47.24,47.24,1008064.0000000001
2019-03-27,46.91,46.91,1317980.0
2019-03-28,47.53,47.53,1103993.0
2019-03-29,48.4,48.4,1527175.0
2019-04-01,48.19,48.19,1863153.0
2019-04-02,48.17,48.17,1216609.0
2019-04-03,47.52,47.52,1494855.0
2019-04-04,47.31,47.31,2011768.0
2019-04-05,47.13,47.13,1752724.0
2019-04-08,46.81,46.81,2156826.0
2019-04-09,47.0,47.0,1037137.0
2019-04-10,47.56,47.56,1475525.0
2019-04-11,47.39,47.39,975685.0
2019-04-12,47.54,47.54,1217180.0
2019-04-15,47.04,47.04,833832.0
2019-04-16,45.79,45.79,1054412.0
2019-04-17,43.43,43.43,1916720.0
2019-04-18,43.4,43.4,1766139.0
2019-04-22,43.0,43.0,2039183.0
2019-04-23,44.26,44.26,2874539.0
2019-04-24,44.73,44.73,1300105.0
2019-04-25,45.2,45.2,1028559.9999999999
2019-04-26,45.57,45.57,1248784.0
2019-04-29,45.59,45.59,990131.0
2019-04-30,46.38,46.38,2048182.9999999998
2019-05-01,46.01,46.01,1577077.0
2019-05-02,46.35,46.35,3485697.0
2019-05-03,46.72,46.72,1409365.0
2019-05-06,46.69,46.69,1366757.0
2019-05-07,45.65,45.65,1129782.0
2019-05-08,45.72,45.72,1015147.0
2019-05-09,45.5,45.5,1257799.0
2019-05-10,45.6,45.6,1312087.0
2019-05-13,44.61,44.61,1185553.0
2019-05-14,44.91,44.91,1068179.0
2019-05-15,44.89,44.89,1156367.0
2019-05-16,45.07,45.07,2230658.0
2019-05-17,44.87,44.87,1285747.0
2019-05-20,44.8,44.8,1168766.0
2019-05-21,44.85,44.85,1441237.0
2019-05-22,44.98,44.98,1322392.0
2019-05-23,44.68,44.68,1949721.0
2019-05-24,44.69,44.69,848171.0
2019-05-28,44.08,44.08,2047831.0
2019-05-29,43.59,43.59,1174392.0
2019-05-30,43.94,43.94,736548.0
2019-05-31,44.01,44.01,1483522.0
2019-06-03,44.06,44.06,1230660.0
2019-06-04,45.08,45.08,1319869.0
2019-06-05,46.45,46.45,2305791.0
2019-06-06,46.31,46.31,1445644.0
2019-06-07,47.0,47.0,956591.0
2019-06-10,48.05,48.05,1261027.0
2019-06-11,47.76,47.76,901417.0
2019-06-12,48.15,48.15,1036628.0000000001
2019-06-13,47.68,47.68,1002834.0
2019-06-14,47.84,47.84,1042977.0
2019-06-17,47.79,47.79,1078001.0
2019-06-18,48.3,48.3,657014.0
2019-06-19,49.06,49.06,1150551.0
2019-06-20,49.21,49.21,2237336.0
2019-06-21,49.07,49.07,2194882.0
2019-06-24,48.52,48.52,1698551.0
2019-06-25,48.33,48.33,1297021.0
2019-06-26,47.55,47.55,1189269.0
2019-06-27,47.71,47.71,1758584.0
2019-06-28,48.02,48.02,6106394.0
2019-07-01,48.23,48.23,2436234.0
2019-07-02,48.25,48.25,2186704.0
2019-07-03,47.95,47.95,1415089.0
2019-07-05,47.96,47.96,2181500.0
2019-07-08,47.34,47.34,1413614.0
2019-07-09,47.81,47.81,1470126.0
2019-07-10,47.82,47.82,1653326.0
2019-07-11,47.62,47.62,4021556.9999999995
2019-07-12,47.32,47.32,1536004.0
2019-07-15,47.34,47.34,2671144.0
2019-07-16,47.08,47.08,2049497.0000000002
2019-07-17,47.34,47.34,1660921.0
2019-07-18,48.5,48.5,2878036.0
2019-07-19,48.27,48.27,1878787.0
2019-07-22,48.22,48.22,941983.0
2019-07-23,48.83,48.83,1203072.0
2019-07-24,49.44,49.44,987787.0
2019-07-25,49.36,49.36,994052.0
2019-07-26,49.49,49.49,1068618.0
2019-07-29,50.38,50.38,1867292.0
2019-07-30,51.5,51.5,2108742.0
2019-07-31,51.25,51.25,3332526.0
2019-08-01,50.83,50.83,3305316.0
2019-08-02,50.25,50.25,1535067.0
2019-08-05,48.15,48.15,1885506.0
2019-08-06,48.74,48.74,1827834.0
2019-08-07,49.25,49.25,1768122.0
2019-08-08,50.06,50.06,839126.0
2019-08-09,50.07,50.07,869854.0
2019-08-12,49.57,49.57,946331.0
2019-08-13,50.33,50.33,1059330.0
2019-08-14,49.1,49.1,1361701.0
2019-08-15,49.82,49.82,1578504.0
2019-08-16,50.45,50.45,1731944.0
2019-08-19,50.6,50.6,1057127.0
2019-08-20,49.95,49.95,1056644.0
2019-08-21,50.36,50.36,949931.0
2019-08-22,49.85,49.85,1291096.0
2019-08-23,48.13,48.13,1975775.0
2019-08-26,48.54,48.54,2003915.0
2019-08-27,48.26,48.26,2124418.0
2019-08-28,48.45,48.45,2890838.0
2019-08-29,49.15,49.15,1064060.0
2019-08-30,49.37,49.37,1515913.0
2019-09-03,48.46,48.46,1404477.0
2019-09-04,48.65,48.65,1045373.0000000001
2019-09-05,49.69,49.69,1443424.0
2019-09-06,49.71,49.71,868630.0
2019-09-09,48.98,48.98,1039002.9999999999
2019-09-10,49.07,49.07,1216652.0
2019-09-11,49.55,49.55,1460293.0
2019-09-12,49.82,49.82,1373697.0
2019-09-13,49.72,49.72,1137028.0
2019-09-16,49.45,49.45,935915.0
2019-09-17,50.0,50.0,2159327.0
2019-09-18,49.99,49.99,1233197.0
2019-09-19,50.0,50.0,1992349.0
2019-09-20,49.95,49.95,1915143.0
2019-09-23,50.0,50.0,1765434.0
2019-09-24,49.85,49.85,1597976.0
2019-09-25,50.0,50.0,2802883.0
2019-09-26,49.61,49.61,4972873.0
2019-09-27,49.61,49.61,2553238.0
2019-09-30,50.49,50.49,3600941.0
2019-10-01,48.68,48.68,4053175.0000000005
2019-10-02,48.27,48.27,2346522.0
2019-10-03,48.61,48.61,1932735.0
2019-10-04,48.8,48.8,3246380.0
2019-10-07,49.11,49.11,1307429.0
2019-10-08,48.41,48.41,1704378.0
2019-10-09,49.46,49.46,1159461.0
2019-10-10,48.64,48.64,1186776.0
2019-10-11,48.79,48.79,1285542.0
2019-10-14,48.5,48.5,854406.0
2019-10-15,49.43,49.43,1704581.0
2019-10-16,48.97,48.97,853983.0
2019-10-17,49.35,49.35,1136263.0
2019-10-18,49.925,49.925,1736863.0
2019-10-21,49.18,49.18,1408808.0
2019-10-22,48.39,48.39,1600816.0
2019-10-23,47.99,47.99,2089611.9999999998
2019-10-24,47.68,47.68,1314057.0
2019-10-25,47.49,47.49,941553.0
2019-10-28,47.81,47.81,1785860.0
2019-10-29,48.11,48.11,2402340.0
2019-10-30,48.22,48.22,1890908.0
2019-10-31,48.31,48.31,2070596.0
2019-11-01,48.66,48.66,2594689.0
2019-11-04,48.69,48.69,2257950.0
2019-11-05,48.105,48.105,2382548.0
2019-11-06,48.56,48.56,3948557.0
2019-11-07,46.2,46.2,7498460.0
2019-11-08,46.56,46.56,2275860.0
2019-11-11,45.61,45.61,2444354.0
2019-11-12,46.15,46.15,3181779.0
2019-11-13,46.88,46.88,4816859.0
2019-11-14,46.66,46.66,3045464.0
2019-11-15,47.14,47.14,5938262.0
2019-11-18,46.77,46.77,1518153.0
2019-11-19,47.15,47.15,2405901.0
2019-11-20,49.19,49.19,5998125.0
2019-11-21,49.5,49.5,3500277.0
2019-11-22,50.02,50.02,3950151.0
2019-11-25,51.28,51.28,2166849.0
2019-11-26,51.4,51.4,2324375.0
2019-11-27,51.4,51.4,1812842.0
2019-11-29,51.32,51.32,1022404.0000000001
2019-12-02,51.54,51.54,2127538.0
2019-12-03,51.69,51.69,2289133.0
2019-12-04,52.14,52.14,2137388.0
2019-12-05,52.28,52.28,2247362.0
2019-12-06,52.74,52.74,1942119.0
2019-12-09,52.1,52.1,1745987.0
2019-12-10,52.2,52.2,2462381.0
2019-12-11,52.6,52.6,1928433.0
2019-12-12,53.19,53.19,2261169.0
2019-12-13,53.15,53.15,1363132.0
2019-12-16,53.56,53.56,2408163.0
2019-12-17,53.03,53.03,1715224.0
2019-12-18,52.6,52.6,2263294.0
2019-12-19,52.23,52.23,2696333.0
2019-12-20,52.02,52.02,2657157.0
2019-12-23,52.555,52.555,1693273.0
2019-12-24,52.59,52.59,374414.0
2019-12-26,52.34,52.34,541093.0
2019-12-27,52.36,52.36,852717.0
2019-12-30,51.86,51.86,892661.0
2019-12-31,52.21,52.21,1277198.0
2020-01-02,52.07,52.07,1557804.0
2020-01-03,51.89,51.89,1626649.0
2020-01-06,52.38,52.38,1859587.0
2020-01-07,52.49,52.49,1551233.0
2020-01-08,52.29,52.29,1928647.0
2020-01-09,53.275,53.275,4088854.0000000005
2020-01-10,53.17,53.17,1152365.0
2020-01-13,52.91,52.91,2852884.0
2020-01-14,53.53,53.53,2239066.0
2020-01-15,53.75,53.75,1367472.0
2020-01-16,54.22,54.22,1779930.0
2020-01-17,54.32,54.32,1714479.0
2020-01-21,54.21,54.21,1629093.0
2020-01-22,54.24,54.24,1517260.0
2020-01-23,53.82,53.82,2253890.0
2020-01-24,53.72,53.72,4022564.0
2020-01-27,53.72,53.72,3238282.0
2020-01-28,54.62,54.62,2027985.9999999998
2020-01-29,54.65,54.65,2415732.0
2020-01-30,54.23,54.23,5036646.0
2020-01-31,53.52,53.52,2505694.0
2020-02-03,53.62,53.62,2989969.0
2020-02-04,54.09,54.09,2108133.0
2020-02-05,54.32,54.32,1832033.0
2020-02-06,53.95,53.95,1495009.0
2020-02-07,53.17,53.17,1802669.0
2020-02-10,53.26,53.26,2652838.0
2020-02-11,53.43,53.43,1348514.0
2020-02-12,52.6,52.6,1541530.0
2020-02-13,52.44,52.44,1268977.0
2020-02-14,53.02,53.02,1197305.0
2020-02-18,52.61,52.61,1475423.0
2020-02-19,52.96,52.96,1114093.0
2020-02-20,52.7,52.7,1807776.0
2020-02-21,52.59,52.59,1106585.0
2020-02-24,51.4,51.4,1200782.0
2020-02-25,49.37,49.37,1825303.0
2020-02-26,48.54,48.54,2368948.0
2020-02-27,47.69,47.69,2007254.0
2020-02-28,47.12,47.12,3241113.0
2020-03-02,48.82,48.82,3047148.0
2020-03-03,47.25,47.25,2703696.0
2020-03-04,49.38,49.38,2710529.0
2020-03-05,47.36,47.36,3396753.0
2020-03-06,46.75,46.75,2889637.0
2020-03-09,44.05,44.05,3867128.0
2020-03-10,45.82,45.82,2840899.0
2020-03-11,43.78,43.78,2689215.0
2020-03-12,39.44,39.44,3547675.0
2020-03-13,40.58,40.58,3988985.0
2020-03-16,32.25,32.25,3770030.0
2020-03-17,31.47,31.47,6406577.0
2020-03-18,29.62,29.62,6493894.0
2020-03-19,31.95,31.95,5303657.0
2020-03-20,31.05,31.05,4716889.0
2020-03-23,29.38,29.38,3390415.0
2020-03-24,31.44,31.44,3739443.0
2020-03-25,32.26,32.26,4324947.0
2020-03-26,34.02,34.02,4351342.0
2020-03-27,33.26,33.26,2902590.0
2020-03-30,35.0,35.0,3913554.0
2020-03-31,35.1,35.1,4364452.0
2020-04-01,32.7,32.7,3154237.0
2020-04-02,34.06,34.06,2577547.0
2020-04-03,32.82,32.82,2053999.0000000002
2020-04-06,35.86,35.86,2703985.0
2020-04-07,37.77,37.77,3732747.0
2020-04-08,39.38,39.38,2180921.0
2020-04-09,41.11,41.11,3092155.0
2020-04-13,40.96,40.96,4725065.0
2020-04-14,42.01,42.01,2766325.0
2020-04-15,41.33,41.33,2043502.9999999998
2020-04-16,41.46,41.46,2680192.0
2020-04-17,43.79,43.79,2234022.0
2020-04-20,43.24,43.24,3005888.0
2020-04-21,42.35,42.35,2822935.0
2020-04-22,42.88,42.88,2905350.0
2020-04-23,45.38,45.38,4665898.0
2020-04-24,47.11,47.11,3087778.0
2020-04-27,49.51,49.51,2737976.0
2020-04-28,48.685,48.685,3952398.0
2020-04-29,48.95,48.95,3854414.0
2020-04-30,50.1,50.1,9441315.0
2020-05-01,49.4,49.4,3200084.0
2020-05-04,49.93,49.93,2906070.0
2020-05-05,50.28,50.28,2790986.0
2020-05-06,52.01,52.01,3507987.0
2020-05-07,52.94,52.94,2727855.0
2020-05-08,51.99,51.99,2155156.0
2020-05-11,52.81,52.81,1869450.0
2020-05-12,51.89,51.89,1727350.0
2020-05-13,51.35,51.35,2344220.0
2020-05-14,51.41,51.41,2127663.0
2020-05-15,51.93,51.93,2357227.0
2020-05-18,52.48,52.48,2165520.0
2020-05-19,52.89,52.89,2120454.0
2020-05-20,53.98,53.98,2684088.0
2020-05-21,52.56,52.56,2661344.0
2020-05-22,52.33,52.33,2012829.0
2020-05-26,51.1,51.1,2252646.0
2020-05-27,51.39,51.39,2895522.0
2020-05-28,52.32,52.32,1909796.0
2020-05-29,53.0,53.0,3636674.0
2020-06-01,53.25,53.25,1259751.0
2020-06-02,52.67,52.67,1471355.0
2020-06-03,53.69,53.69,4163505.0
2020-06-04,52.32,52.32,2132479.0
2020-06-05,52.41,52.41,3527422.0
2020-06-08,53.11,53.11,1431030.0
2020-06-09,52.75,52.75,2265628.0
2020-06-10,52.01,52.01,1535304.0
2020-06-11,50.46,50.46,2725596.0
2020-06-12,50.15,50.15,3133342.0
2020-06-15,52.4,52.4,2549549.0
2020-06-16,52.83,52.83,2264875.0
2020-06-17,52.64,52.64,2143805.0
2020-06-18,53.07,53.07,2527443.0
2020-06-19,55.16,55.16,6407502.0
2020-06-22,55.21,55.21,3707404.0
2020-06-23,55.5,55.5,3231008.0
2020-06-24,53.67,53.67,4097093.0
2020-06-25,54.57,54.57,2654278.0
2020-06-26,53.52,53.52,2670929.0
2020-06-29,53.33,53.33,2143250.0
2020-06-30,57.0,57.0,3403418.0
2020-07-01,56.97,56.97,1991247.0
2020-07-02,57.86,57.86,3008756.0
2020-07-06,57.86,57.86,2499724.0
2020-07-07,56.85,56.85,1753277.0
2020-07-08,57.62,57.62,1747219.0
2020-07-09,57.47,57.47,1745084.0
2020-07-10,57.695,57.695,2930932.0
2020-07-13,57.5,57.5,2084812.0
2020-07-14,59.43,59.43,2133057.0
2020-07-15,60.26,60.26,1938314.0
2020-07-16,59.96,59.96,1055097.0
2020-07-17,61.88,61.88,2407165.0
2020-07-20,61.43,61.43,1602950.0
2020-07-21,61.84,61.84,1768803.0
2020-07-22,62.17,62.17,1636457.0
2020-07-23,61.94,61.94,2166878.0
2020-07-24,61.75,61.75,2111925.0
2020-07-27,62.69,62.69,1551869.0
2020-07-28,62.1,62.1,1481871.0
2020-07-29,64.0,64.0,2220463.0
2020-07-30,69.71,69.71,4817512.0
2020-07-31,69.78,69.78,2584378.0
2020-08-03,71.32,71.32,2654992.0
2020-08-04,72.06,72.06,1832908.0
2020-08-05,73.32,73.32,2236408.0
2020-08-06,70.25,70.25,3267014.0
2020-08-07,68.55,68.55,3146441.0
2020-08-10,65.9,65.9,2819170.0
2020-08-11,65.79,65.79,2864237.0
2020-08-12,67.99,67.99,1868396.0
2020-08-13,68.12,68.12,1636466.0
2020-08-14,66.81,66.81,1065602.0
2020-08-17,68.08,68.08,1708518.0
2020-08-18,67.8,67.8,1456387.0
2020-08-19,67.04,67.04,2019639.9999999998
2020-08-20,67.08,67.08,1534560.0
2020-08-21,66.75,66.75,1790623.0
2020-08-24,65.33,65.33,1426894.0
2020-08-25,66.115,66.115,1109431.0
2020-08-26,65.91,65.91,1044308.9999999999
2020-08-27,61.54,61.54,8004281.000000001
2020-08-28,60.37,60.37,4093675.0
2020-08-31,59.72,59.72,3745365.0
2020-09-01,59.22,59.22,2634172.0
2020-09-02,61.74,61.74,3022821.0
2020-09-03,59.21,59.21,2848113.0
2020-09-04,58.24,58.24,2627921.0
2020-09-08,57.6,57.6,2065650.0000000002
2020-09-09,59.23,59.23,2489140.0
2020-09-10,59.92,59.92,2736535.0
2020-09-11,62.04,62.04,3671972.0
2020-09-14,60.65,60.65,1924699.0
2020-09-15,60.89,60.89,1817287.0
2020-09-16,60.77,60.77,1547575.0
2020-09-17,63.23,63.23,2978457.0
2020-09-18,63.57,63.57,3929622.0
2020-09-21,65.12,65.12,3006191.0
2020-09-22,65.38,65.38,2036223.0
2020-09-23,63.75,63.75,1369167.0
2020-09-24,63.01,63.01,1077319.0
2020-09-25,64.35,64.35,1112902.0
2020-09-28,65.77,65.77,1630054.0
2020-09-29,66.12,66.12,1242716.0
2020-09-30,66.47,66.47,1698736.0
2020-10-01,66.35,66.35,1493961.0
2020-10-02,66.88,66.88,1086124.0
2020-10-05,67.9,67.9,1363786.0
2020-10-06,67.29,67.29,1310558.0
2020-10-07,68.93,68.93,1380276.0
2020-10-08,68.29,68.29,1632621.0
2020-10-09,69.39,69.39,1540023.0
2020-10-12,68.34,68.34,1735091.0
2020-10-13,67.67,67.67,1781656.0
2020-10-14,66.5,66.5,1810838.0
2020-10-15,65.93,65.93,1758902.0
2020-10-16,66.9,66.9,2285383.0
2020-10-19,67.01,67.01,1231818.0
2020-10-20,66.38,66.38,883758.0
2020-10-21,65.85,65.85,1211749.0
2020-10-22,67.97,67.97,1537418.0
2020-10-23,67.91,67.91,1029546.0000000001
2020-10-26,68.66,68.66,1648997.0
2020-10-27,70.92,70.92,2094507.9999999998
2020-10-28,69.69,69.69,2526800.0
2020-10-29,70.5,70.5,2300024.0
2020-10-30,68.82,68.82,2228798.0
2020-11-02,70.56,70.56,2328644.0
2020-11-03,71.92,71.92,1778714.0
2020-11-04,73.75,73.75,2177353.0
2020-11-05,76.67,76.67,3135902.0
2020-11-06,75.05,75.05,2381459.0
2020-11-09,68.35,68.35,5826590.0
2020-11-10,66.69,66.69,3254452.0
2020-11-11,69.84,69.84,2379524.0
2020-11-12,70.2,70.2,2147383.0
2020-11-13,69.74,69.74,2150395.0
2020-11-16,71.07,71.07,2073852.0
2020-11-17,72.0,72.0,1870980.0
2020-11-18,70.01,70.01,1687960.0
2020-11-19,70.01,70.01,2044194.0
2020-11-20,68.99,68.99,2314514.0
2020-11-23,68.07,68.07,1730773.0
2020-11-24,67.68,67.68,1957010.0
2020-11-25,68.23,68.23,1614434.0
2020-11-27,69.51,69.51,624408.0
2020-11-30,69.13,69.13,2230371.0
2020-12-01,69.63,69.63,1262946.0
2020-12-02,70.86,70.86,1472192.0
2020-12-03,72.49,72.49,1975667.0
2020-12-04,73.155,73.155,1451389.0
2020-12-07,73.18,73.18,1739211.0
2020-12-08,72.77,72.77,1629531.0
2020-12-09,71.83,71.83,1476445.0
2020-12-10,76.25,76.25,3683047.0
2020-12-11,74.32,74.32,2295727.0
2020-12-14,74.17,74.17,1911347.0
2020-12-15,75.5,75.5,1543489.0
2020-12-16,73.63,73.63,1894190.0
2020-12-17,75.1,75.1,1932724.0
2020-12-18,74.77,74.77,3986104.0
2020-12-21,75.23,75.23,1304451.0
2020-12-22,74.67,74.67,1505234.0
2020-12-23,75.06,75.06,1306013.0
2020-12-24,74.77,74.77,571713.0
2020-12-28,72.58,72.58,1186804.0
2020-12-29,71.74,71.74,1228336.0
2020-12-30,71.75,71.75,924544.0
2020-12-31,72.83,72.83,798852.0
2021-01-04,73.12,73.12,1876413.0
2021-01-05,76.02,76.02,1845305.0
2021-01-06,78.03,78.03,2162594.0
2021-01-07,77.97,77.97,2305412.0
2021-01-08,80.49,80.49,3155057.0
2021-01-11,78.52,78.52,1602092.0
2021-01-12,77.65,77.65,1937374.0
2021-01-13,77.85,77.85,1113883.0
2021-01-14,76.48,76.48,1825617.0
2021-01-15,76.1,76.1,1036971.0000000001
2021-01-19,75.99,75.99,1077648.0
2021-01-20,77.22,77.22,1227227.0
2021-01-21,75.92,75.92,1291567.0
2021-01-22,75.7,75.7,997104.0
2021-01-25,76.34,76.34,1548914.0
2021-01-26,74.52,74.52,1440074.0
2021-01-27,72.51,72.51,3162317.0
2021-01-28,75.78,75.78,3538018.0
2021-01-29,79.73,79.73,4168052.0000000005
2021-02-01,82.89,82.89,3067371.0
2021-02-02,82.14,82.14,2066517.0000000002
2021-02-03,82.32,82.32,2842026.0
2021-02-04,83.72,83.72,3046162.0
2021-02-05,82.8,82.8,1326819.0
2021-02-08,82.28,82.28,1746632.0
2021-02-09,81.15,81.15,1289944.0
2021-02-10,79.6,79.6,1859040.0
2021-02-11,80.02,80.02,1581077.0
2021-02-12,82.98,82.98,1576651.0
2021-02-16,83.43,83.43,2006938.0
2021-02-17,82.5,82.5,1848679.0
2021-02-18,82.33,82.33,1685969.0
2021-02-19,75.69,75.69,5375827.0
2021-02-22,74.57,74.57,3288764.0
2021-02-23,75.5,75.5,2857020.0
2021-02-24,75.15,75.15,1901509.0
2021-02-25,72.36,72.36,2437124.0
2021-02-26,72.09,72.09,2611317.0
2021-03-01,74.64,74.64,1618610.0
2021-03-02,74.82,74.82,1496611.0
2021-03-03,71.97,71.97,1633575.0
2021-03-04,70.41,70.41,1769051.0
2021-03-05,72.35,72.35,2255701.0
2021-03-08,70.91,70.91,1714832.0
2021-03-09,71.88,71.88,1549325.0
2021-03-10,68.76,68.76,3697827.0
2021-03-11,71.03,71.03,2785054.0
2021-03-12,70.78,70.78,1593639.0
2021-03-15,71.92,71.92,1639127.0
2021-03-16,71.95,71.95,1225222.0
2021-03-17,71.67,71.67,1783293.0
2021-03-18,70.8,70.8,1581769.0
2021-03-19,72.03,72.03,2811882.0
2021-03-22,73.93,73.93,1568428.0
2021-03-23,72.73,72.73,1430244.0
2021-03-24,71.98,71.98,1357718.0
2021-03-25,71.05,71.05,1711876.0
2021-03-26,73.42,73.42,1718852.0
2021-03-29,74.2,74.2,1438045.0
2021-03-30,73.87,73.87,1192886.0
2021-03-31,74.38,74.38,1742226.0
2021-04-01,74.34,74.34,1415613.0
2021-04-05,74.36,74.36,1417547.0
2021-04-06,74.72,74.72,1677529.0
2021-04-07,72.9,72.9,1479196.0
2021-04-08,73.58,73.58,2122918.0
2021-04-09,73.63,73.63,1366788.0
2021-04-12,74.42,74.42,2148598.0
2021-04-13,75.65,75.65,1972804.0
2021-04-14,75.01,75.01,1710661.0
2021-04-15,75.99,75.99,1771500.0
2021-04-16,76.66,76.66,1762016.0
2021-04-19,76.68,76.68,1297933.0
2021-04-20,73.82,73.82,3029027.0
2021-04-21,75.09,75.09,1734640.0
2021-04-22,74.68,74.68,1403250.0
2021-04-23,73.36,73.36,2703331.0
2021-04-26,74.08,74.08,3506354.0
2021-04-27,72.85,72.85,2446065.0
2021-04-28,72.4,72.4,2527140.0
2021-04-29,66.23,66.23,8599478.0
2021-04-30,65.55,65.55,3365577.0
2021-05-03,65.67,65.67,3303992.0
2021-05-04,65.92,65.92,3120443.0
2021-05-05,65.5,65.5,2199237.0
2021-05-06,65.16,65.16,2885049.0
2021-05-07,65.63,65.63,2416790.0
2021-05-10,65.09,65.09,2809999.0
2021-05-11,64.47,64.47,2714019.0
2021-05-12,62.95,62.95,2740575.0
2021-05-13,62.8,62.8,1827073.0
2021-05-14,63.74,63.74,1806648.0
2021-05-17,62.64,62.64,2211228.0
2021-05-18,62.27,62.27,2352480.0
2021-05-19,62.71,62.71,2549895.0
2021-05-20,63.0,63.0,6858792.0
2021-05-21,62.42,62.42,2350936.0
2021-05-24,62.74,62.74,2393705.0
2021-05-25,62.68,62.68,2232131.0
2021-05-26,62.76,62.76,3028170.0
2021-05-27,63.29,63.29,3936354.0
2021-05-28,63.06,63.06,1871943.0
2021-06-01,61.35,61.35,3267492.0
2021-06-02,61.23,61.23,2428322.0
2021-06-03,60.98,60.98,1492967.0
2021-06-04,60.72,60.72,2426995.0
2021-06-07,60.89,60.89,1778199.0
2021-06-08,60.52,60.52,1680245.0
2021-06-09,61.0,61.0,1620119.0
2021-06-10,62.3,62.3,1988646.0
2021-06-11,63.39,63.39,2934222.0
2021-06-14,63.39,63.39,1822154.0
2021-06-15,62.46,62.46,2262059.0
2021-06-16,61.89,61.89,1462895.0
2021-06-17,62.86,62.86,2063311.0000000002
2021-06-18,62.61,62.61,3992744.0
2021-06-21,63.17,63.17,2307449.0
2021-06-22,64.02,64.02,1996818.0
2021-06-23,64.47,64.47,2244095.0
2021-06-24,65.0,65.0,2442856.0
2021-06-25,65.89,65.89,6346310.0
2021-06-28,67.47,67.47,3006856.0
2021-06-29,68.85,68.85,4036989.0
2021-06-30,66.72,66.72,2440897.0
2021-07-01,67.99,67.99,1768319.0
2021-07-02,67.71,67.71,1846663.0
2021-07-06,69.02,69.02,2399947.0
2021-07-07,69.64,69.64,1942274.0
2021-07-08,69.85,69.85,1652544.0
2021-07-09,69.31,69.31,1362775.0
2021-07-12,69.18,69.18,1716906.0
2021-07-13,68.65,68.65,1706739.0
2021-07-14,67.56,67.56,1826304.0
2021-07-15,68.37,68.37,1778969.0
2021-07-16,69.54,69.54,3055217.0
2021-07-19,70.37,70.37,2869007.0
2021-07-20,70.17,70.17,1964302.0
2021-07-21,70.0,70.0,2181395.0
2021-07-22,71.77,71.77,1971626.0
2021-07-23,72.3,72.3,2267979.0
2021-07-26,71.53,71.53,2411769.0
2021-07-27,72.19,72.19,1895428.0
2021-07-28,72.08,72.08,2934015.0
2021-07-29,73.82,73.82,4359675.0
2021-07-30,75.04,75.04,2676551.0
2021-08-02,75.83,75.83,1776176.0
2021-08-03,75.74,75.74,1680024.0
2021-08-04,76.59,76.59,1623574.0
2021-08-05,76.35,76.35,1285963.0
2021-08-06,75.94,75.94,1261570.0
2021-08-09,75.84,75.84,1365430.0
2021-08-10,76.7,76.7,2397929.0
2021-08-11,76.64,76.64,1131505.0
2021-08-12,76.81,76.81,1213558.0
2021-08-13,76.92,76.92,779389.0
2021-08-16,76.8,76.8,1364869.0
2021-08-17,77.23,77.23,1238778.0
2021-08-18,76.28,76.28,1426939.0
2021-08-19,76.56,76.56,1777786.0
2021-08-20,77.09,77.09,1185972.0
2021-08-23,77.47,77.47,1243445.0
2021-08-24,77.14,77.14,1014038.0
2021-08-25,77.6,77.6,1028720.0000000001
2021-08-26,78.06,78.06,996360.0
2021-08-27,79.19,79.19,1490684.0
2021-08-30,79.64,79.64,1357896.0
2021-08-31,79.15,79.15,1939133.0
2021-09-01,79.51,79.51,1173731.0
2021-09-02,80.32,80.32,1039139.0
2021-09-03,80.25,80.25,707935.0
2021-09-07,79.79,79.79,1157466.0
2021-09-08,80.74,80.74,1314059.0
2021-09-09,79.95,79.95,1656569.0
2021-09-10,79.99,79.99,1738266.0
2021-09-13,78.5,78.5,2411183.0
2021-09-14,78.05,78.05,1320376.0
2021-09-15,77.62,77.62,1464708.0
2021-09-16,77.15,77.15,1283050.0
2021-09-17,77.63,77.63,2877354.0
2021-09-20,76.73,76.73,1290809.0
2021-09-21,76.44,76.44,940407.0
2021-09-22,76.74,76.74,874321.0
2021-09-23,77.35,77.35,1512466.0
2021-09-24,76.48,76.48,690581.0
2021-09-27,74.03,74.03,1525773.0
2021-09-28,72.87,72.87,1732252.0
2021-09-29,73.99,73.99,1527184.0
2021-09-30,73.81,73.81,1772273.0
2021-10-01,72.22,72.22,1420654.0
2021-10-04,70.7,70.7,1422735.0
2021-10-05,70.31,70.31,1798526.0
2021-10-06,71.34,71.34,2721242.0
2021-10-07,71.72,71.72,1202164.0
2021-10-08,71.37,71.37,1061935.0
2021-10-11,69.95,69.95,1027727.0
2021-10-12,69.83,69.83,1148565.0
2021-10-13,70.16,70.16,929447.0
2021-10-14,70.26,70.26,1464307.0
2021-10-15,69.67,69.67,1950836.0
2021-10-18,70.02,70.02,1568203.0
2021-10-19,70.93,70.93,1565688.0
2021-10-20,72.93,72.93,1685460.0
2021-10-21,73.64,73.64,1030411.0
2021-10-22,73.61,73.61,580522.0
2021-10-25,73.03,73.03,761681.0
2021-10-26,72.43,72.43,866299.0
2021-10-27,71.66,71.66,924905.0
2021-10-28,72.66,72.66,925702.0
2021-10-29,73.31,73.31,1285560.0
2021-11-01,72.68,72.68,1720473.0
2021-11-02,70.91,70.91,2675857.0
2021-11-03,72.31,72.31,2183906.0
2021-11-04,71.83,71.83,1030853.9999999999
2021-11-05,68.97,68.97,2335835.0
2021-11-08,71.13,71.13,1695940.0
2021-11-09,71.26,71.26,1622220.0
2021-11-10,71.44,71.44,1911674.0
2021-11-11,72.61,72.61,1391318.0
2021-11-12,73.54,73.54,1741664.0
2021-11-15,73.25,73.25,1133922.0
2021-11-16,73.18,73.18,1575268.0
2021-11-17,73.25,73.25,1186700.0
2021-11-18,73.26,73.26,1478892.0
2021-11-19,75.33,75.33,1888594.0
2021-11-22,73.59,73.59,1523769.0
2021-11-23,74.35,74.35,2621355.0
2021-11-24,74.91,74.91,1202004.0
2021-11-26,76.83,76.83,1483297.0
2021-11-29,75.97,75.97,1424560.0
2021-11-30,74.73,74.73,2832764.0
2021-12-01,73.06,73.06,1674133.0
2021-12-02,73.77,73.77,1260355.0
2021-12-03,73.94,73.94,1164915.0
2021-12-06,74.42,74.42,1176476.0
2021-12-07,76.15,76.15,1282339.0
2021-12-08,76.05,76.05,1158831.0
2021-12-09,75.19,75.19,928772.0
2021-12-10,74.75,74.75,1652006.0
2021-12-13,75.39,75.39,1346326.0
2021-12-14,74.83,74.83,1056735.0
2021-12-15,77.23,77.23,1978711.0
2021-12-16,77.92,77.92,1680853.0
2021-12-17,77.71,77.71,2667141.0
2021-12-20,77.18,77.18,1787950.0
2021-12-21,76.14,76.14,1741294.0
2021-12-22,77.22,77.22,1196362.0
2021-12-23,76.12,76.12,1883257.0
2021-12-27,76.85,76.85,875830.0
2021-12-28,75.21,75.21,1082402.0
2021-12-29,75.09,75.09,1887759.0
2021-12-30,76.62,76.62,1020782.0000000001
2021-12-31,76.56,76.56,685994.0
2022-01-03,73.1,73.1,1682382.0
2022-01-04,70.43,70.43,2621216.0
2022-01-05,70.76,70.76,1960394.0
2022-01-06,70.7,70.7,2046277.0
2022-01-07,70.31,70.31,1280979.0
2022-01-10,73.45,73.45,1960254.0
2022-01-11,72.33,72.33,1640165.0
2022-01-12,72.14,72.14,1003838.0
2022-01-13,69.96,69.96,1369712.0
2022-01-14,69.59,69.59,1694431.0
2022-01-18,69.41,69.41,1540683.0
2022-01-19,70.42,70.42,1319194.0
2022-01-20,69.85,69.85,1315019.0
2022-01-21,70.63,70.63,2331395.0
2022-01-24,70.89,70.89,2791886.0
2022-01-25,70.03,70.03,2576620.0
2022-01-26,68.22,68.22,2405872.0
2022-01-27,68.08,68.08,2342672.0
2022-01-28,70.02,70.02,1351588.0
2022-01-31,70.24,70.24,1677850.0
2022-02-01,70.53,70.53,1526115.0
2022-02-02,72.16,72.16,2290545.0
2022-02-03,73.36,73.36,3945279.0
2022-02-04,74.74,74.74,1950592.0
2022-02-07,73.18,73.18,1332750.0
2022-02-08,74.04,74.04,1561961.0
2022-02-09,74.26,74.26,1433372.0
2022-02-10,73.17,73.17,1459363.0
2022-02-11,71.99,71.99,1379847.0
2022-02-14,70.31,70.31,1690555.0
2022-02-15,70.62,70.62,1679215.0
2022-02-16,71.04,71.04,1260523.0
2022-02-17,69.88,69.88,873390.0
2022-02-18,70.05,70.05,1448801.0
2022-02-22,70.53,70.53,1136398.0
2022-02-23,70.87,70.87,1142385.0
2022-02-24,71.11,71.11,1301814.0
2022-02-25,72.39,72.39,2182526.0
2022-02-28,71.17,71.17,3155860.0
2022-03-01,70.88,70.88,1312460.0
2022-03-02,71.0,71.0,1431321.0
2022-03-03,70.9,70.9,1788284.0
2022-03-04,72.22,72.22,1378247.0
2022-03-07,71.65,71.65,1623939.0
2022-03-08,69.7,69.7,1825817.0
2022-03-09,71.16,71.16,1233247.0
2022-03-10,70.28,70.28,839965.0
2022-03-11,69.44,69.44,1283202.0
2022-03-14,69.59,69.59,1630803.0
2022-03-15,70.96,70.96,1241480.0
2022-03-16,72.38,72.38,1132336.0
2022-03-17,73.9,73.9,1407781.0
2022-03-18,74.91,74.91,2800056.0
2022-03-21,75.79,75.79,1680834.0
2022-03-22,76.16,76.16,1247962.0
2022-03-23,75.04,75.04,1650305.0
2022-03-24,75.19,75.19,1261400.0
2022-03-25,76.05,76.05,916670.0
2022-03-28,76.0,76.0,1036513.0
2022-03-29,75.92,75.92,1219907.0
2022-03-30,76.67,76.67,1987744.0
2022-03-31,76.82,76.82,1936957.0
2022-04-01,76.93,76.93,2030937.0000000002
2022-04-04,76.1,76.1,1746266.0
2022-04-05,77.66,77.66,1841425.0
2022-04-06,78.34,78.34,1559392.0
2022-04-07,79.47,79.47,2080741.0000000002
2022-04-08,79.99,79.99,1659148.0
2022-04-11,76.52,76.52,1424335.0
2022-04-12,76.5,76.5,2089144.9999999998
2022-04-13,76.89,76.89,1942894.0
2022-04-14,76.33,76.33,4911891.0
2022-04-18,75.18,75.18,1205435.0
2022-04-19,76.28,76.28,1447277.0
2022-04-20,78.18,78.18,1505437.0
2022-04-21,77.07,77.07,1756160.0
2022-04-22,73.93,73.93,2075932.0
2022-04-25,72.73,72.73,1827863.0
2022-04-26,70.54,70.54,1918166.0
2022-04-27,70.84,70.84,2329273.0
2022-04-28,71.4,71.4,4401045.0
2022-04-29,71.99,71.99,3171469.0
2022-05-02,72.91,72.91,2797342.0
2022-05-03,73.13,73.13,1971501.0
2022-05-04,75.7,75.7,1737339.0
2022-05-05,74.77,74.77,2220731.0
2022-05-06,74.11,74.11,1889875.0
2022-05-09,72.76,72.76,1799019.0
2022-05-10,73.32,73.32,1665211.0
2022-05-11,73.49,73.49,2230045.0
2022-05-12,74.27,74.27,1939886.0
2022-05-13,76.28,76.28,1700424.0
2022-05-16,77.22,77.22,2106188.0
2022-05-17,79.08,79.08,2708970.0
2022-05-18,77.55,77.55,2246467.0
2022-05-19,78.12,78.12,2117538.0
2022-05-20,77.75,77.75,1729502.0
2022-05-23,78.81,78.81,1565491.0
2022-05-24,78.39,78.39,1666679.0
2022-05-25,76.0,76.0,3025145.0
2022-05-26,76.19,76.19,3896949.0
2022-05-27,77.46,77.46,3294120.0
2022-05-31,75.27,75.27,5810632.0
2022-06-01,74.65,74.65,2019089.9999999998
2022-06-02,75.99,75.99,1493201.0
2022-06-03,75.3,75.3,1348641.0
2022-06-06,75.13,75.13,921351.0
2022-06-07,76.62,76.62,1564003.0
2022-06-08,75.65,75.65,1159371.0
2022-06-09,73.68,73.68,1622870.0
2022-06-10,71.73,71.73,1468611.0
2022-06-13,68.55,68.55,2194317.0
2022-06-14,67.87,67.87,2118009.0
2022-06-15,68.32,68.32,1867010.0
2022-06-16,67.12,67.12,2126077.0
2022-06-17,67.88,67.88,3339131.0
2022-06-21,68.2,68.2,1419425.0
2022-06-22,68.08,68.08,1515072.0
2022-06-23,70.55,70.55,1697803.0
2022-06-24,70.93,70.93,2753752.0
2022-06-27,71.46,71.46,1438467.0
2022-06-28,69.78,69.78,1279777.0
2022-06-29,70.35,70.35,1051850.0
2022-06-30,69.3,69.3,1713314.0
2022-07-01,70.14,70.14,1349210.0
2022-07-05,70.19,70.19,1387477.0
2022-07-06,70.88,70.88,1808778.0
2022-07-07,71.78,71.78,1563751.0
2022-07-08,71.38,71.38,1092241.0
2022-07-11,71.42,71.42,696579.0
2022-07-12,70.68,70.68,1154692.0
2022-07-13,70.35,70.35,1169399.0
2022-07-14,69.39,69.39,1598386.0
2022-07-15,70.59,70.59,1671486.0
2022-07-18,68.47,68.47,2401782.0
2022-07-19,70.49,70.49,1721700.0
2022-07-20,70.11,70.11,1415522.0
2022-07-21,71.89,71.89,2165868.0
2022-07-22,70.54,70.54,1823970.0
2022-07-25,70.26,70.26,1413878.0
2022-07-26,70.06,70.06,1370452.0
2022-07-27,70.94,70.94,2076692.0
2022-07-28,70.78,70.78,2952019.0
2022-07-29,71.38,71.38,1814677.0
2022-08-01,70.95,70.95,1529052.0
2022-08-02,71.47,71.47,1312214.0
2022-08-03,72.26,72.26,1145128.0
2022-08-04,71.2,71.2,1022268.0
2022-08-05,71.4,71.4,1144927.0
2022-08-08,72.78,72.78,1441848.0
2022-08-09,71.41,71.41,1375050.0
2022-08-10,72.24,72.24,1097582.0
2022-08-11,72.07,72.07,684390.0
2022-08-12,72.99,72.99,669078.0
2022-08-15,73.47,73.47,1880778.0
2022-08-16,72.85,72.85,1316712.0
2022-08-17,71.89,71.89,1063773.0
2022-08-18,71.58,71.58,1456174.0
2022-08-19,71.46,71.46,3852941.0
2022-08-22,69.93,69.93,1328624.0
2022-08-23,69.44,69.44,1030823.0
2022-08-24,69.67,69.67,1089379.0
2022-08-25,71.18,71.18,848025.0
2022-08-26,67.71,67.71,965793.0
2022-08-29,67.44,67.44,1330630.0
2022-08-30,67.0,67.0,1552956.0
2022-08-31,67.56,67.56,2635697.0
2022-09-01,68.42,68.42,1212540.0
2022-09-02,67.52,67.52,1291394.0
2022-09-06,67.51,67.51,1048852.0
2022-09-07,67.7,67.7,1444651.0
2022-09-08,68.87,68.87,1149854.0
2022-09-09,69.16,69.16,1161452.0
2022-09-12,69.91,69.91,1127119.0
2022-09-13,68.02,68.02,1845895.0
2022-09-14,67.99,67.99,1897088.0
2022-09-15,67.66,67.66,1164063.0
2022-09-16,66.82,66.82,3231367.0
2022-09-19,66.62,66.62,1255017.0
2022-09-20,64.65,64.65,1306819.0
2022-09-21,62.89,62.89,2555129.0
2022-09-22,62.71,62.71,1199776.0
2022-09-23,62.98,62.98,1281429.0
2022-09-26,63.66,63.66,2686278.0
2022-09-27,63.71,63.71,1500711.0
2022-09-28,65.23,65.23,1799409.0
2022-09-29,65.0,65.0,1698012.0
2022-09-30,64.52,64.52,2055762.9999999998
2022-10-03,66.12,66.12,1845035.0
2022-10-04,66.55,66.55,1958311.0
2022-10-05,66.24,66.24,1494525.0
2022-10-06,65.79,65.79,1774485.0
2022-10-07,63.76,63.76,1516467.0
2022-10-10,61.97,61.97,1668374.0
2022-10-11,61.95,61.95,2631189.0
2022-10-12,60.97,60.97,2002902.9999999998
2022-10-13,63.4,63.4,2004305.0
2022-10-14,62.55,62.55,1686426.0
2022-10-17,64.34,64.34,1363802.0
2022-10-18,63.83,63.83,1406819.0
2022-10-19,62.17,62.17,1157727.0
2022-10-20,61.6,61.6,1296612.0
2022-10-21,62.51,62.51,2096253.0
2022-10-24,63.6,63.6,1664465.0
2022-10-25,65.3,65.3,1658865.0
2022-10-26,66.19,66.19,1351688.0
2022-10-27,66.18,66.18,1240741.0
2022-10-28,66.93,66.93,2102082.0
2022-10-31,67.8,67.8,2379820.0
2022-11-01,74.13,74.13,4200937.0
2022-11-02,74.25,74.25,3419871.0
2022-11-03,73.27,73.27,1829988.0
2022-11-04,75.23,75.23,2200292.0
2022-11-07,74.35,74.35,1696504.0
2022-11-08,73.71,73.71,1469640.0
2022-11-09,72.11,72.11,1742866.0
2022-11-10,75.0,75.0,1471041.0
2022-11-11,75.93,75.93,1521027.0
2022-11-14,75.48,75.48,1549867.0
2022-11-15,74.61,74.61,1443702.0
2022-11-16,74.3,74.3,1387270.0
2022-11-17,73.04,73.04,1153769.0
2022-11-18,73.48,73.48,1283527.0
2022-11-21,73.56,73.56,1015874.0
2022-11-22,74.26,74.26,1109401.0
2022-11-23,74.38,74.38,1080587.0
2022-11-25,74.93,74.93,450666.0
2022-11-28,73.85,73.85,918698.0
2022-11-29,74.37,74.37,958680.0
2022-11-30,76.16,76.16,2826216.0
2022-12-01,76.99,76.99,946652.0
2022-12-02,76.5,76.5,1535914.0
2022-12-05,75.11,75.11,1462777.0
2022-12-06,74.22,74.22,1675138.0
2022-12-07,73.8,73.8,1617468.0
2022-12-08,74.8,74.8,1423836.0
2022-12-09,74.0,74.0,845605.0
2022-12-12,75.15,75.15,1446426.0
2022-12-13,75.78,75.78,1583777.0
2022-12-14,75.89,75.89,1497531.0
2022-12-15,75.01,75.01,1396115.0
2022-12-16,73.73,73.73,4387321.0
2022-12-19,73.31,73.31,1208075.0
2022-12-20,74.1,74.1,1275884.0
2022-12-21,75.42,75.42,1220189.0
2022-12-22,75.37,75.37,1072947.0
2022-12-23,75.51,75.51,1017689.0000000001
2022-12-27,75.75,75.75,862969.0
2022-12-28,74.94,74.94,650167.0
2022-12-29,76.1,76.1,750100.0
2022-12-30,74.81,74.81,1453614.0
2023-01-03,75.55,75.55,1555235.0
2023-01-04,78.23,78.23,1985050.0
2023-01-05,77.63,77.63,1774555.0
2023-01-06,77.83,77.83,2140525.0
2023-01-09,79.79,79.79,2905373.0
2023-01-10,80.57,80.57,1743178.0
2023-01-11,81.08,81.08,2819327.0
2023-01-12,79.87,79.87,2040280.0
2023-01-13,79.95,79.95,1292053.0
2023-01-17,79.46,79.46,1655346.0
2023-01-18,78.92,78.92,1422804.0
2023-01-19,78.76,78.76,1996970.0
2023-01-20,79.66,79.66,2712754.0
2023-01-23,81.63,81.63,1519173.0
2023-01-24,81.59,81.59,1735367.0
2023-01-25,81.7,81.7,2135058.0
2023-01-26,82.93,82.93,2059699.9999999998
2023-01-27,82.79,82.79,1446836.0
2023-01-30,82.15,82.15,1588169.0
2023-01-31,81.37,81.37,2805364.0
2023-02-01,82.78,82.78,1951634.0
2023-02-02,84.44,84.44,3264851.0
2023-02-03,84.68,84.68,1693264.0
2023-02-06,84.34,84.34,1503220.0
2023-02-07,86.16,86.16,1820355.0
2023-02-08,85.61,85.61,1535770.0
2023-02-09,82.44,82.44,1591855.0
2023-02-10,81.86,81.86,1602725.0
2023-02-13,83.46,83.46,1472165.0
2023-02-14,83.15,83.15,1515484.0
2023-02-15,83.62,83.62,1623533.0
2023-02-16,82.62,82.62,980735.0
2023-02-17,82.73,82.73,1133865.0
2023-02-21,81.19,81.19,1176343.0
2023-02-22,81.23,81.23,1383328.0
2023-02-23,81.27,81.27,938533.0
2023-02-24,80.1,80.1,940552.0
2023-02-27,80.27,80.27,1339200.0
2023-02-28,79.64,79.64,2167676.0
2023-03-01,79.06,79.06,1618751.0
2023-03-02,80.08,80.08,1721779.0
2023-03-03,80.44,80.44,1156578.0
2023-03-06,80.25,80.25,1389787.0
2023-03-07,79.13,79.13,1173364.0
2023-03-08,78.26,78.26,1261393.0
2023-03-09,78.49,78.49,1633540.0
2023-03-10,77.68,77.68,952803.0
2023-03-13,78.3,78.3,1260964.0
2023-03-14,79.36,79.36,1205597.0
2023-03-15,78.33,78.33,1413437.0
2023-03-16,78.35,78.35,1440487.0
2023-03-17,77.07,77.07,3202203.0
2023-03-20,78.31,78.31,958366.0
2023-03-21,79.77,79.77,1450691.0
2023-03-22,78.63,78.63,1383616.0
2023-03-23,78.53,78.53,1128499.0
2023-03-24,79.2,79.2,1182664.0
2023-03-27,79.61,79.61,1052687.0
2023-03-28,78.835,78.835,629021.0
2023-03-29,79.2,79.2,1106945.0
2023-03-30,80.5,80.5,806756.0
2023-03-31,80.7,80.7,1302193.0
2023-04-03,80.58,80.58,887388.0
2023-04-04,80.79,80.79,1024011.9999999999
2023-04-05,82.09,82.09,995868.0
2023-04-06,82.86,82.86,1214725.0
2023-04-10,83.07,83.07,1168467.0
2023-04-11,83.54,83.54,1000243.9999999999
2023-04-12,83.73,83.73,1447043.0
2023-04-13,84.92,84.92,1385684.0
2023-04-14,84.14,84.14,948020.0
2023-04-17,83.64,83.64,1211272.0
2023-04-18,82.51,82.51,1236045.0
2023-04-19,83.99,83.99,1852642.0
2023-04-20,84.05,84.05,1251853.0
2023-04-21,84.06,84.06,1219484.0
2023-04-24,85.62,85.62,1167849.0
2023-04-25,84.91,84.91,1079606.0
2023-04-26,83.59,83.59,1401191.0
2023-04-27,84.65,84.65,894002.0
2023-04-28,86.01,86.01,1126354.0
2023-05-01,87.67,87.67,1851878.0
2023-05-02,83.97,83.97,2639730.0
2023-05-03,84.09,84.09,1446553.0
2023-05-04,82.45,82.45,1396772.0
2023-05-05,83.74,83.74,855631.0
2023-05-08,83.1,83.1,921088.0
2023-05-09,83.67,83.67,3719147.0
2023-05-10,82.07,82.07,1343600.0
2023-05-11,81.85,81.85,1049536.0
2023-05-12,82.77,82.77,1012664.9999999999
2023-05-15,82.37,82.37,1106777.0
2023-05-16,81.34,81.34,1211550.0
2023-05-17,81.03,81.03,1633147.0
2023-05-18,81.06,81.06,1121108.0
2023-05-19,81.43,81.43,1517084.0
2023-05-22,81.63,81.63,846913.0
2023-05-23,80.42,80.42,2002710.0
2023-05-24,79.62,79.62,1208411.0
2023-05-25,78.51,78.51,1489345.0
2023-05-26,79.03,79.03,1098422.0
2023-05-30,78.66,78.66,1376924.0
2023-05-31,78.89,78.89,3996884.0
2023-06-01,79.15,79.15,1151573.0
2023-06-02,79.06,79.06,1128301.0
2023-06-05,79.04,79.04,1449363.0
2023-06-06,79.04,79.04,1233636.0
2023-06-07,78.82,78.82,1157713.0
2023-06-08,78.18,78.18,1021686.0000000001
2023-06-09,77.76,77.76,1346537.0
2023-06-12,78.46,78.46,1778841.0
2023-06-13,78.97,78.97,1441758.0
2023-06-14,78.22,78.22,1229353.0
2023-06-15,81.04,81.04,1578947.0
2023-06-16,81.2,81.2,4134769.9999999995
2023-06-20,82.04,82.04,1696690.0
2023-06-21,81.43,81.43,1179489.0
2023-06-22,81.48,81.48,1110150.0
2023-06-23,81.46,81.46,1347140.0
2023-06-26,81.07,81.07,1067448.0
2023-06-27,80.82,80.82,1028210.0000000001
2023-06-28,80.21,80.21,1372114.0
2023-06-29,80.07,80.07,1689699.0
2023-06-30,80.97,80.97,1926847.0
2023-07-03,79.86,79.86,752857.0
2023-07-05,78.83,78.83,1256897.0
2023-07-06,78.02,78.02,1314567.0
2023-07-07,77.51,77.51,1249768.0
2023-07-10,78.55,78.55,1365026.0
2023-07-11,79.09,79.09,1002156.0
2023-07-12,78.99,78.99,1076691.0
2023-07-13,79.28,79.28,939226.0
2023-07-14,80.32,80.32,968752.0
2023-07-17,78.96,78.96,1295263.0
2023-07-18,77.77,77.77,1773593.0
2023-07-19,78.54,78.54,1992163.0
2023-07-20,79.3,79.3,1566679.0
2023-07-21,80.88,80.88,7171324.0
2023-07-24,81.32,81.32,1543950.0
2023-07-25,81.47,81.47,1209047.0
2023-07-26,81.9,81.9,1342303.0
2023-07-27,80.39,80.39,1896552.0
2023-07-28,80.69,80.69,1649210.0
2023-07-31,79.42,79.42,1923224.0
2023-08-01,76.61,76.61,4573837.0
2023-08-02,75.67,75.67,2360838.0
2023-08-03,76.18,76.18,1757176.0
2023-08-04,75.93,75.93,1849019.0
2023-08-07,77.07,77.07,2061713.9999999998
2023-08-08,76.34,76.34,1956540.0
2023-08-09,75.95,75.95,1264533.0
2023-08-10,75.3,75.3,1565493.0
2023-08-11,75.29,75.29,1634770.0
2023-08-14,75.26,75.26,1804233.0
2023-08-15,74.82,74.82,1353539.0
2023-08-16,73.63,73.63,1645999.0
2023-08-17,74.0,74.0,1870230.0
2023-08-18,73.15,73.15,3844564.0
2023-08-21,75.23,75.23,1996286.0
2023-08-22,76.86,76.86,2361717.0
2023-08-23,75.31,75.31,2208527.0
2023-08-24,75.17,75.17,1569497.0
2023-08-25,75.41,75.41,1035647.9999999999
2023-08-28,75.56,75.56,1109351.0
2023-08-29,76.03,76.03,1591152.0
2023-08-30,76.34,76.34,1476498.0
2023-08-31,74.74,74.74,1902316.0
2023-09-01,75.12,75.12,2184131.0
2023-09-05,74.06,74.06,2075892.0
2023-09-06,74.1,74.1,1793366.0
2023-09-07,72.94,72.94,1711176.0
2023-09-08,72.23,72.23,1341822.0
2023-09-11,72.79,72.79,1351890.0
2023-09-12,72.01,72.01,1747522.0
2023-09-13,72.04,72.04,1267838.0
2023-09-14,72.35,72.35,1196576.0
2023-09-15,71.81,71.81,2880790.0
2023-09-18,72.0,72.0,1791085.0
2023-09-19,72.02,72.02,1309735.0
2023-09-20,71.45,71.45,1328833.0
2023-09-21,70.07,70.07,1338544.0
2023-09-22,70.21,70.21,1224825.0
2023-09-25,70.13,70.13,1112322.0
2023-09-26,69.9,69.9,1477243.0
2023-09-27,69.24,69.24,1785567.0
2023-09-28,70.05,70.05,2531104.0
2023-09-29,69.4,69.4,1809794.0
2023-10-02,68.87,68.87,1648772.0
2023-10-03,69.3,69.3,1958177.0
2023-10-04,69.17,69.17,1498478.0
2023-10-05,69.39,69.39,1564837.0
2023-10-06,69.84,69.84,1529409.0
2023-10-09,70.25,70.25,1416376.0
2023-10-10,70.77,70.77,1701822.0
2023-10-11,69.41,69.41,1919810.0
2023-10-12,67.9,67.9,1794157.0
2023-10-13,68.98,68.98,1752609.0
2023-10-16,69.22,69.22,1163583.0
2023-10-17,69.0,69.0,1503366.0
2023-10-18,67.91,67.91,2296202.0
2023-10-19,67.82,67.82,1708182.0
2023-10-20,67.81,67.81,2416334.0
2023-10-23,67.56,67.56,2043149.0
2023-10-24,67.87,67.87,1229676.0
2023-10-25,66.62,66.62,1001400.0000000001
2023-10-26,65.79,65.79,1442678.0
2023-10-27,65.11,65.11,2061129.0000000002
2023-10-30,65.31,65.31,2211651.0
2023-10-31,66.17,66.17,2233254.0
2023-11-01,66.69,66.69,2257869.0
2023-11-02,66.61,66.61,2555689.0
2023-11-03,68.67,68.67,2024375.0
2023-11-06,68.8,68.8,1555252.0
2023-11-07,68.37,68.37,1429814.0
2023-11-08,68.27,68.27,1345705.0
2023-11-09,67.2,67.2,2816894.0
2023-11-10,72.13,72.13,4605355.0
2023-11-13,71.4,71.4,2194092.0
2023-11-14,71.94,71.94,2274195.0
2023-11-15,72.01,72.01,2526158.0
2023-11-16,72.63,72.63,2089211.0000000002
2023-11-17,71.87,71.87,2037323.0000000002
2023-11-20,71.9,71.9,2034218.0
2023-11-21,71.91,71.91,2119061.0
2023-11-22,72.18,72.18,1266465.0
2023-11-24,71.74,71.74,876597.0
2023-11-27,71.53,71.53,1515253.0
2023-11-28,69.87,69.87,2032248.0
2023-11-29,70.6,70.6,1841195.0
2023-11-30,71.3,71.3,3151662.0
2023-12-01,71.15,71.15,1344935.0
2023-12-04,70.58,70.58,2104302.0
2023-12-05,69.26,69.26,2062468.0
2023-12-06,69.11,69.11,1752923.0
2023-12-07,69.22,69.22,2363544.0
2023-12-08,68.37,68.37,1672566.0
2023-12-11,68.68,68.68,1448726.0
2023-12-12,70.0,70.0,2091108.0000000002
2023-12-13,71.03,71.03,1390254.0
2023-12-14,71.09,71.09,2173781.0
2023-12-15,70.98,70.98,4656758.0
2023-12-18,71.01,71.01,1593104.0
2023-12-19,71.15,71.15,1785440.0
2023-12-20,70.32,70.32,1375763.0
2023-12-21,71.07,71.07,1030154.9999999999
2023-12-22,71.04,71.04,1391967.0
2023-12-26,71.11,71.11,734542.0
2023-12-27,70.94,70.94,1367199.0
2023-12-28,71.26,71.26,873105.0
2023-12-29,71.45,71.45,1122199.0
2024-01-02,72.46,72.46,2005112.0
2024-01-03,72.37,72.37,2911061.0
2024-01-04,72.87,72.87,2261210.0
2024-01-05,72.95,72.95,1793617.0
2024-01-08,71.33,71.33,2749237.0
2024-01-09,72.12,72.12,1991544.0
2024-01-10,71.83,71.83,1506236.0
2024-01-11,72.43,72.43,2123011.0
2024-01-12,72.75,72.75,1701435.0
2024-01-16,72.89,72.89,1760660.0
2024-01-17,73.05,73.05,1275433.0
2024-01-18,73.55,73.55,1167001.0
2024-01-19,73.52,73.52,1193346.0
2024-01-22,74.04,74.04,1084790.0
2024-01-23,74.71,74.71,1440370.0
2024-01-24,74.09,74.09,1540457.0
2024-01-25,74.14,74.14,1713277.0
2024-01-26,74.41,74.41,1816157.0
2024-01-29,74.98,74.98,1571186.0
2024-01-30,74.93,74.93,1410821.0
2024-01-31,74.44,74.44,2461239.0
2024-02-01,74.41,74.41,1861260.0
2024-02-02,72.44,72.44,4242539.0
2024-02-05,72.04,72.04,2840356.0
2024-02-06,74.17,74.17,2697511.0
2024-02-07,73.85,73.85,2266938.0
2024-02-08,73.43,73.43,1886926.0
2024-02-09,73.44,73.44,1534541.0
2024-02-12,74.06,74.06,1571773.0
2024-02-13,73.27,73.27,1734958.0
2024-02-14,73.15,73.15,1766133.0
2024-02-15,73.8,73.8,2418666.0
2024-02-16,73.79,73.79,2947343.0
2024-02-20,74.58,74.58,1452544.0
2024-02-21,75.82,75.82,1970952.0
2024-02-22,75.88,75.88,1479522.0
2024-02-23,76.15,76.15,1417898.0
2024-02-26,74.81,74.81,1657158.0
2024-02-27,75.36,75.36,1524602.0
2024-02-28,74.12,74.12,1866311.0
2024-02-29,73.8,73.8,2114742.0
2024-03-01,73.65,73.65,1358025.0
2024-03-04,74.6,74.6,1533089.0
2024-03-05,73.76,73.76,1410193.0
2024-03-06,75.2,75.2,1543938.0
2024-03-07,76.32,76.32,1573512.0
2024-03-08,77.05,77.05,1417269.0
2024-03-11,76.33,76.33,1223561.0
2024-03-12,75.64,75.64,1586065.0
2024-03-13,76.33,76.33,1604545.0
2024-03-14,75.34,75.34,1877582.0
2024-03-15,75.91,75.91,5286988.0
2024-03-18,76.35,76.35,1500979.0
2024-03-19,76.31,76.31,2299394.0
2024-03-20,75.04,75.04,1264998.0
2024-03-21,75.52,75.52,1269797.0
2024-03-22,75.26,75.26,862212.0
2024-03-25,75.65,75.65,1435201.0
2024-03-26,76.17,76.17,2484138.0
2024-03-27,77.35,77.35,1270206.0
2024-03-28,77.96,77.96,1990262.0
2024-04-01,76.12,76.12,1405009.0
2024-04-02,76.08,76.08,1415409.0
2024-04-03,77.53,77.53,1661420.0
2024-04-04,77.28,77.28,1835920.0
2024-04-05,77.98,77.98,1485429.0
2024-04-08,77.38,77.38,1603200.0
2024-04-09,78.41,78.41,1336395.0
2024-04-10,77.61,77.61,1670312.0
2024-04-11,77.78,77.78,1657913.0
2024-04-12,77.33,77.33,1573811.0
2024-04-15,77.54,77.54,1605404.0
2024-04-16,75.11,75.11,1764609.0
2024-04-17,74.92,74.92,1697868.0
2024-04-18,75.1,75.1,1576803.0
2024-04-19,75.38,75.38,1288503.0
2024-04-22,76.22,76.22,1516324.0
2024-04-23,77.19,77.19,1603280.0
2024-04-24,76.71,76.71,963154.0
2024-04-25,75.71,75.71,1190940.0
2024-04-26,75.98,75.98,919462.0
2024-04-29,76.63,76.63,799283.0
2024-04-30,75.77,75.77,1515878.0
2024-05-01,76.28,76.28,1423724.0
2024-05-02,75.91,75.91,1795905.0
2024-05-03,76.54,76.54,2069424.0000000002
2024-05-06,75.93,75.93,1585120.0
2024-05-07,76.1,76.1,984581.0
2024-05-08,75.86,75.86,973729.0
2024-05-09,75.75,75.75,2037847.9999999998
2024-05-10,75.14,75.14,1402648.0
2024-05-13,75.57,75.57,1039454.0000000001
2024-05-14,75.65,75.65,1286553.0
2024-05-15,74.86,74.86,1637741.0
2024-05-16,74.95,74.95,1749516.0
2024-05-17,75.02,75.02,1451370.0
2024-05-20,74.85,74.85,1027857.0
2024-05-21,74.55,74.55,897598.0
2024-05-22,74.81,74.81,1217141.0
2024-05-23,73.99,73.99,1314633.0
2024-05-24,73.8,73.8,1303244.0
2024-05-28,73.36,73.36,1217018.0
2024-05-29,72.39,72.39,1142328.0
2024-05-30,72.58,72.58,1568800.0
2024-05-31,73.78,73.78,2501317.0
2024-06-03,74.53,74.53,1065009.0
2024-06-04,74.65,74.65,1107186.0
2024-06-05,74.25,74.25,1371524.0
2024-06-06,74.78,74.78,1284135.0
2024-06-07,74.51,74.51,1186677.0
2024-06-10,73.97,73.97,878774.0
2024-06-11,72.9,72.9,1605389.0
2024-06-12,72.48,72.48,1459985.0
2024-06-13,72.14,72.14,1417248.0
2024-06-14,71.79,71.79,1033028.0
2024-06-17,71.43,71.43,1249842.0
2024-06-18,71.47,71.47,1384234.0
2024-06-20,72.21,72.21,1050703.0
2024-06-21,73.07,73.07,2048928.9999999998
2024-06-24,72.48,72.48,1000839.0
2024-06-25,71.65,71.65,942929.0
2024-06-26,72.27,72.27,973316.0
2024-06-27,74.21,74.21,2403054.0
2024-06-28,74.25,74.25,2782114.0
2024-07-01,74.1,74.1,1153347.0
2024-07-02,73.53,73.53,1663770.0
2024-07-03,73.48,73.48,1201107.0
2024-07-05,74.1,74.1,992462.0
2024-07-08,74.53,74.53,1169554.0
2024-07-09,74.75,74.75,1366442.0
2024-07-10,75.77,75.77,1295227.0
2024-07-11,76.49,76.49,1440377.0
2024-07-12,77.69,77.69,1694537.0
2024-07-15,77.34,77.34,1653157.0
2024-07-16,78.46,78.46,1492308.0
2024-07-17,78.89,78.89,2177366.0
2024-07-18,77.66,77.66,2332247.0
2024-07-19,78.11,78.11,1660498.0
2024-07-22,78.38,78.38,601500.0
2024-07-23,78.1,78.1,1606690.0
2024-07-24,78.34,78.34,1042199.0000000001
2024-07-25,77.88,77.88,1391837.0
2024-07-26,78.63,78.63,1472174.0
2024-07-29,79.64,79.64,2196892.0
2024-07-30,82.51,82.51,2820222.0
2024-07-31,81.61,81.61,3005532.0
2024-08-01,83.2,83.2,2646431.0
2024-08-02,83.64,83.64,1701105.0
2024-08-05,82.36,82.36,2365348.0
2024-08-06,82.45,82.45,1783091.0
2024-08-07,81.89,81.89,1954266.0
2024-08-08,83.39,83.39,1239381.0
2024-08-09,83.64,83.64,1729034.0
2024-08-12,81.77,81.77,1696788.0
2024-08-13,81.55,81.55,1570581.0
2024-08-14,80.99,80.99,1877034.0
2024-08-15,80.55,80.55,2441960.0
2024-08-16,81.48,81.48,1447875.0
2024-08-19,81.35,81.35,1734136.0
2024-08-20,80.91,80.91,1425514.0
2024-08-21,80.02,80.02,1341034.0
2024-08-22,80.09,80.09,1727359.0
2024-08-23,80.25,80.25,1106135.0
2024-08-26,79.75,79.75,895242.0
2024-08-27,79.71,79.71,1258574.0
2024-08-28,80.38,80.38,1141458.0
2024-08-29,80.76,80.76,1176838.0
2024-08-30,81.24,81.24,1206444.0
2024-09-03,82.16,82.16,1356750.0
2024-09-04,81.62,81.62,1252589.0
2024-09-05,80.99,80.99,913654.0
2024-09-06,81.57,81.57,888036.0
2024-09-09,82.69,82.69,1244546.0
2024-09-10,81.96,81.96,1238579.0
2024-09-11,80.01,80.01,1590576.0
2024-09-12,80.42,80.42,958882.0
2024-09-13,81.15,81.15,1442155.0
2024-09-16,82.7,82.7,1424960.0
2024-09-17,82.0,82.0,2009831.9999999998
2024-09-18,81.72,81.72,1036753.0
2024-09-19,82.4,82.4,1407075.0
2024-09-20,81.39,81.39,2533498.0
2024-09-23,81.46,81.46,680382.0
2024-09-24,81.21,81.21,974023.0
2024-09-25,79.86,79.86,1714594.0
2024-09-26,80.1,80.1,1828936.0
2024-09-27,80.82,80.82,855278.0
2024-09-30,81.46,81.46,1055557.0
2024-10-01,80.56,80.56,959361.0
2024-10-02,79.77,79.77,1691609.0
2024-10-03,79.22,79.22,2560798.0
2024-10-04,80.24,80.24,1245584.0
2024-10-07,79.88,79.88,1334809.0
2024-10-08,80.26,80.26,1123467.0
2024-10-09,80.12,80.12,921813.0
2024-10-10,79.92,79.92,1704844.0
2024-10-11,79.81,79.81,1531225.0
2024-10-14,81.62,81.62,866393.0
2024-10-15,81.66,81.66,1546675.0
2024-10-16,81.94,81.94,1296220.0
2024-10-17,80.47,80.47,1958348.0
2024-10-18,81.57,81.57,1099172.0
2024-10-21,81.15,81.15,1368011.0
2024-10-22,81.58,81.58,1493515.0
2024-10-23,81.35,81.35,1173798.0
2024-10-24,80.91,80.91,898941.0
2024-10-25,80.83,80.83,1318290.0
2024-10-28,80.46,80.46,1163444.0
2024-10-29,80.83,80.83,1267055.0
2024-10-30,81.15,81.15,924070.0
2024-10-31,80.87,80.87,1564939.0
2024-11-01,82.33,82.33,1955998.0
2024-11-04,83.72,83.72,3329339.0
2024-11-05,78.8,78.8,3451529.0
2024-11-06,80.49,80.49,2464389.0
2024-11-07,79.29,79.29,1466449.0
2024-11-08,78.76,78.76,1220706.0
2024-11-11,79.39,79.39,1283354.0
2024-11-12,79.76,79.76,1974743.0
2024-11-13,79.18,79.18,1433338.0
2024-11-14,77.54,77.54,1657418.0
2024-11-15,78.6,78.6,1834908.0
2024-11-18,78.79,78.79,1032828.0000000001
2024-11-19,78.57,78.57,1574855.0
2024-11-20,78.04,78.04,1299669.0
2024-11-21,78.72,78.72,1438377.0
2024-11-22,78.97,78.97,1258491.0
2024-11-25,79.73,79.73,2904476.0
2024-11-26,79.0,79.0,1985291.0
2024-11-27,79.44,79.44,1596505.0
2024-11-29,79.5,79.5,954461.0
2024-12-02,79.0,79.0,1611278.0
2024-12-03,77.47,77.47,2598646.0
2024-12-04,76.87,76.87,2094084.0
2024-12-05,76.0,76.0,1630306.0
2024-12-06,75.34,75.34,1356781.0
2024-12-09,75.79,75.79,2326179.0
2024-12-10,76.83,76.83,3995615.0
2024-12-11,75.53,75.53,3159135.0
2024-12-12,75.09,75.09,2839505.0
2024-12-13,73.65,73.65,2553425.0
2024-12-16,72.44,72.44,2551895.0
2024-12-17,72.26,72.26,2691379.0
2024-12-18,71.47,71.47,3110757.0
2024-12-19,70.76,70.76,2344407.0
2024-12-20,71.65,71.65,8613766.0
2024-12-23,72.5,72.5,2831032.0
2024-12-24,72.68,72.68,879752.0
2024-12-26,72.72,72.72,1349944.0
2024-12-27,72.6,72.6,1039274.0
2024-12-30,72.27,72.27,1797523.0
2024-12-31,72.09,72.09,1444657.0
2025-01-02,71.74,71.74,1164031.0
2025-01-03,73.19,73.19,2059059.0
2025-01-06,73.77,73.77,2262620.0
2025-01-07,72.69,72.69,1790567.0
2025-01-08,72.74,72.74,2448121.0
2025-01-10,71.7,71.7,2147897.0
2025-01-13,70.29,70.29,3100721.0
2025-01-14,70.2,70.2,2615840.0
2025-01-15,68.75,68.75,3959750.0
2025-01-16,69.97,69.97,3067947.0
2025-01-17,69.73,69.73,6395055.0
2025-01-21,70.37,70.37,2582855.0
2025-01-22,71.19,71.19,1975748.0
2025-01-23,70.7,70.7,1901639.0
2025-01-24,71.02,71.02,1917859.0
2025-01-27,72.75,72.75,1889698.0
2025-01-28,71.77,71.77,1139952.0
2025-01-29,71.41,71.41,1613656.0
2025-01-30,72.17,72.17,1209316.0
2025-01-31,72.14,72.14,1675400.0
2025-02-03,71.72,71.72,1627614.0
2025-02-04,71.58,71.58,1416186.0
2025-02-05,72.8,72.8,2779289.0
2025-02-06,65.45,65.45,8155996.0
2025-02-07,64.58,64.58,3846395.0
2025-02-10,65.24,65.24,3020067.0
2025-02-11,64.47,64.47,2107351.0
2025-02-12,63.53,63.53,2008331.9999999998
2025-02-13,63.62,63.62,1940048.0
2025-02-14,63.24,63.24,2320043.0
2025-02-18,63.93,63.93,1969451.0
2025-02-19,64.2,64.2,1816067.0
2025-02-20,64.32,64.32,1953746.0
2025-02-21,64.49,64.49,2212653.0
2025-02-24,65.01,65.01,1908114.0
2025-02-25,65.23,65.23,1652248.0
2025-02-26,64.36,64.36,1164615.0
2025-02-27,63.21,63.21,1255660.0
2025-02-28,63.39,63.39,2628384.0
2025-03-03,63.27,63.27,2019101.0
2025-03-04,62.3,62.3,1959708.0
2025-03-05,62.08,62.08,1870965.0
2025-03-06,62.5,62.5,2030618.0
2025-03-07,64.54,64.54,3005465.0
2025-03-10,65.62,65.62,2912646.0
2025-03-11,62.59,62.59,2330971.0
2025-03-12,61.1,61.1,2443713.0
2025-03-13,60.7,60.7,2339041.0
2025-03-14,60.71,60.71,2516114.0
2025-03-17,61.82,61.82,2623436.0
2025-03-18,61.98,61.98,3766530.0
2025-03-19,61.47,61.47,3268519.0
2025-03-20,61.01,61.01,3116062.0
2025-03-21,61.47,61.47,7416539.0
2025-03-24,61.89,61.89,2689977.0
2025-03-25,60.8,60.8,2378150.0
2025-03-26,61.48,61.48,1465953.0
2025-03-27,62.32,62.32,1303646.0
2025-03-28,61.32,61.32,1110999.0
2025-03-31,61.77,61.77,2036388.9999999998
2025-04-01,61.38,61.38,1518374.0
2025-04-02,60.56,60.56,1342926.0
2025-04-03,61.69,61.69,4596048.0
2025-04-04,60.86,60.86,6509048.0
2025-04-07,61.27,61.27,4721286.0
2025-04-08,58.46,58.46,6943913.0
2025-04-09,59.31,59.31,4497521.0
2025-04-10,57.16,57.16,4640888.0
2025-04-11,57.85,57.85,4235273.0
2025-04-14,58.84,58.84,4435720.0
2025-04-15,57.86,57.86,2061471.0
2025-04-16,56.5,56.5,3256999.0
2025-04-17,57.56,57.56,6818925.0
2025-04-21,56.94,56.94,2068315.9999999998
2025-04-22,58.19,58.19,1849991.0
2025-04-23,58.15,58.15,2387437.0
2025-04-24,58.29,58.29,2254509.0
2025-04-25,58.02,58.02,1814362.0
2025-04-28,58.08,58.08,1579271.0
2025-04-29,58.36,58.36,1552012.0
2025-04-30,58.2,58.2,2877893.0
2025-05-01,57.28,57.28,2512222.0
2025-05-02,54.16,54.16,7843428.0
2025-05-05,52.73,52.73,3988579.0
2025-05-06,53.11,53.11,3637374.0
2025-05-07,55.43,55.43,12757664.0
2025-05-08,56.18,56.18,5038082.0
2025-05-09,56.75,56.75,3259169.0
2025-05-12,58.81,58.81,2769978.0
2025-05-13,57.12,57.12,3367289.0
2025-05-14,55.36,55.36,3605633.0
2025-05-15,55.74,55.74,3092993.0
2025-05-16,56.79,56.79,2768388.0
2025-05-19,56.43,56.43,1636912.0
2025-05-20,56.47,56.47,1897878.0
2025-05-21,54.82,54.82,2714909.0
2025-05-22,54.48,54.48,1793890.0
2025-05-23,54.28,54.28,2268541.0
2025-05-27,62.17,62.17,19388751.0
2025-05-28,63.71,63.71,8762693.0
2025-05-29,62.92,62.92,3696780.0
2025-05-30,62.17,62.17,5375421.0
2025-06-02,62.01,62.01,2584545.0
2025-06-03,63.04,63.04,3059106.0
2025-06-04,62.57,62.57,2491092.0
2025-06-05,63.07,63.07,2435121.0
2025-06-06,64.33,64.33,2267876.0
2025-06-09,64.57,64.57,2234230.0
2025-06-10,65.14,65.14,2631591.0
2025-06-11,64.58,64.58,2740611.0
2025-06-12,65.22,65.22,1732424.0
2025-06-13,64.75,64.75,2309387.0
2025-06-16,65.18,65.18,1926001.0
2025-06-17,64.14,64.14,3116250.0
2025-06-18,63.97,63.97,3239813.0
2025-06-20,64.48,64.48,5573110.0
2025-06-23,64.43,64.43,3148486.0
2025-06-24,64.83,64.83,2236845.0
2025-06-25,64.27,64.27,2015098.0
2025-06-26,65.11,65.11,2404771.0
2025-06-27,65.01,65.01,3320131.0
2025-06-30,65.16,65.16,1590544.0
2025-07-01,65.33,65.33,2165228.0
2025-07-02,65.3,65.3,2282395.0
2025-07-03,64.78,64.78,1233581.0
2025-07-07,64.37,64.37,1815112.0
2025-07-08,64.9,64.9,2280164.0
2025-07-09,65.85,65.85,2115322.0
2025-07-10,66.85,66.85,2086871.0
2025-07-11,65.72,65.72,1776765.0
2025-07-14,64.62,64.62,1694091.0
2025-07-15,63.26,63.26,1727239.0
2025-07-16,63.86,63.86,1454215.0
2025-07-17,64.02,64.02,1516492.0
2025-07-18,63.99,63.99,1582099.0
2025-07-21,63.69,63.69,2326937.0
2025-07-22,65.37,65.37,1957949.0
2025-07-23,65.95,65.95,1441527.0
2025-07-24,66.1,66.1,1540373.0
2025-07-25,66.5,66.5,1116538.0
2025-07-28,65.69,65.69,1959245.0
2025-07-29,66.04,66.04,1663774.0
2025-07-30,64.98,64.98,2750659.0
2025-07-31,66.82,66.82,3187978.0
2025-08-01,67.16,67.16,1874049.0
2025-08-04,67.91,67.91,1223968.0
2025-08-05,67.82,67.82,1140451.0
2025-08-06,66.89,66.89,1897538.0
2025-08-07,67.93,67.93,1311740.0
2025-08-08,68.06,68.06,1889601.0
2025-08-11,67.99,67.99,1173272.0
2025-08-12,67.95,67.95,1162193.0
2025-08-13,68.98,68.98,1747081.0
2025-08-14,68.06,68.06,1813623.0
2025-08-15,67.81,67.81,4294477.0
2025-08-18,67.27,67.27,2084245.9999999998
2025-08-19,67.82,67.82,1416144.0
2025-08-20,68.76,68.76,1890938.0
2025-08-21,67.17,67.17,1440635.0
2025-08-22,68.26,68.26,1545907.0
2025-08-25,67.13,67.13,1314277.0
2025-08-26,66.63,66.63,3038660.0
2025-08-27,66.73,66.73,1010871.0000000001
2025-08-28,66.62,66.62,1157555.0
2025-08-29,67.12,67.12,1080191.0
2025-09-02,66.61,66.61,916749.0
2025-09-03,66.24,66.24,1411645.0
2025-09-04,66.39,66.39,1633745.0
2025-09-05,66.76,66.76,1270261.0
2025-09-08,66.54,66.54,1186542.0
2025-09-09,66.72,66.72,1187004.0
2025-09-10,65.505,65.505,830087.0
2025-09-11,66.38,66.38,1194265.0
2025-09-12,64.45,64.45,1005460.0
2025-09-15,63.8,63.8,1276173.0
2025-09-16,63.33,63.33,1690692.0
2025-09-17,68.2,68.2,6930165.0
2025-09-18,68.27,68.27,5579492.0
2025-09-19,66.33,66.33,8515126.0
2025-09-22,67.29,67.29,2054414.0
2025-09-23,67.64,67.64,1896952.0
2025-09-24,66.4,66.4,1360528.0
2025-09-25,65.79,65.79,1470029.0
2025-09-26,67.21,67.21,1569886.0
2025-09-29,67.15,67.15,1605413.0
2025-09-30,67.49,67.49,1477230.0
2025-10-01,67.04,67.04,2240702.0
2025-10-02,67.91,67.91,1768706.0
2025-10-03,68.22,68.22,1158395.0
2025-10-06,67.34,67.34,1083268.0
2025-10-07,67.73,67.73,1160895.0
2025-10-08,68.34,68.34,1116657.0
2025-10-09,68.62,68.62,1047805.0000000001
2025-10-10,67.76,67.76,1706268.0
2025-10-13,65.51,65.51,2108835.0
2025-10-14,65.92,65.92,1022767.9999999999
2025-10-15,67.0,67.0,1477425.0
2025-10-16,68.5,68.5,2851953.0
2025-10-17,69.85,69.85,2871914.0
2025-10-20,71.87,71.87,3703238.0
2025-10-21,73.98,73.98,22349348.0
2025-10-22,73.93,73.93,11159459.0
2025-10-23,73.89,73.89,6854663.0
2025-10-24,73.99,73.99,5163328.0
2025-10-27,73.95,73.95,3104676.0
2025-10-28,74.01,74.01,3334762.0
2025-10-29,73.98,73.98,5002087.0
2025-10-30,73.93,73.93,5251737.0
2025-10-31,73.91,73.91,2825138.0
2025-11-03,74.06,74.06,3421718.0
2025-11-04,74.11,74.11,4258327.0
2025-11-05,74.23,74.23,3799240.0
2025-11-06,74.15,74.15,4162778.9999999995
2025-11-07,74.1,74.1,4739604.0
2025-11-10,74.3,74.3,2146867.0
2025-11-11,74.6,74.6,1722479.0
2025-11-12,74.56,74.56,2057437.9999999998
2025-11-13,74.26,74.26,2880691.0
2025-11-14,74.15,74.15,5298045.0
2025-11-17,74.14,74.14,4530192.0
2025-11-18,74.11,74.11,3310480.0
2025-11-19,74.17,74.17,3020520.0
2025-11-20,74.12,74.12,3418148.0
2025-11-21,74.36,74.36,3791967.0
2025-11-24,74.76,74.76,4956834.0
2025-11-25,74.88,74.88,3572657.0
2025-11-26,74.8,74.8,2528513.0
2025-11-28,74.97,74.97,1030032.0000000001
2025-12-01,74.84,74.84,2002615.0
2025-12-02,74.82,74.82,1984956.0
2025-12-03,75.01,75.01,1263313.0
2025-12-04,74.86,74.86,3630450.0
2025-12-05,74.97,74.97,1730777.0
2025-12-08,74.85,74.85,1932755.0
2025-12-09,74.89,74.89,1873716.0
2025-12-10,74.83,74.83,2098966.0
2025-12-11,74.83,74.83,4932599.0
2025-12-12,75.0,75.0,2129289.0
2025-12-15,75.19,75.19,5282858.0
2025-12-16,75.02,75.02,3691939.0
2025-12-17,74.93,74.93,5152725.0
2025-12-18,74.94,74.94,3068832.0
2025-12-19,74.95,74.95,5743465.0
2025-12-22,74.91,74.91,1450015.0
2025-12-23,74.87,74.87,1233274.0
2025-12-24,74.5,74.5,5893671.0
2025-12-26,74.5,74.5,1677593.0
2025-12-29,74.51,74.51,1320173.0
2025-12-30,74.54,74.54,1785794.0
2025-12-31,74.49,74.49,1587239.0
2026-01-02,74.56,74.56,1311326.0
2026-01-05,74.75,74.75,3299340.0
2026-01-06,74.91,74.91,2960056.0
2026-01-07,74.96,74.96,1326673.0
2026-01-08,74.88,74.88,2565904.0
2026-01-09,74.87,74.87,1898890.0
2026-01-12,74.86,74.86,1516409.0
2026-01-13,74.87,74.87,1511656.0
2026-01-14,75.16,75.16,3490689.0
2026-01-15,75.02,75.02,2359994.0
2026-01-16,74.98,74.98,4149871.0
2026-01-20,75.11,75.11,2412508.0
2026-01-21,75.14,75.14,1402237.0
2026-01-22,75.11,75.11,1730337.0
2026-01-23,75.05,75.05,2023536.0
2026-01-26,75.19,75.19,974578.0
2026-01-27,75.2,75.2,4476242.0
2026-01-28,75.1,75.1,1960704.0
2026-01-29,74.98,74.98,4116304.9999999995
2026-01-30,74.93,74.93,2642031.0
2026-02-02,74.74,74.74,3354462.0
2026-02-03,74.63,74.63,4076135.0
2026-02-04,74.59,74.59,3623599.0
2026-02-05,74.7,74.7,3377821.0
2026-02-06,74.81,74.81,3099910.0
2026-02-09,75.02,75.02,1803848.0
2026-02-10,75.15,75.15,1792530.0
2026-02-11,75.09,75.09,1622419.0
2026-02-12,74.91,74.91,2813682.0
2026-02-13,75.04,75.04,2282636.0
2026-02-17,75.15,75.15,2783768.0
2026-02-18,75.2,75.2,3268736.0
2026-02-19,75.14,75.14,2871639.0
2026-02-20,75.43,75.43,2740370.0
2026-02-23,75.44,75.44,1731509.0
2026-02-24,75.35,75.35,1640168.0
2026-02-25,75.34,75.34,2026107.9999999998
2026-02-26,75.23,75.23,1659226.0
2026-02-27,75.36,75.36,2430035.0
2026-03-02,75.45,75.45,1842801.0
2026-03-03,75.46,75.46,1909084.0
2026-03-04,75.67,75.67,2582416.0
2026-03-05,75.75,75.75,6445977.0
2026-03-06,75.74,75.74,3117675.0
2026-03-09,75.59,75.59,2338386.0
2026-03-10,75.54,75.54,3066471.0
2026-03-11,75.41,75.41,1859191.0
2026-03-12,75.21,75.21,2606466.0
2026-03-13,75.12,75.12,4205647.0
2026-03-16,75.15,75.15,9615390.0
2026-03-17,75.05,75.05,5833992.0
2026-03-18,75.15,75.15,3787634.0
2026-03-19,75.33,75.33,1963372.0
2026-03-20,75.41,75.41,4231759.0
2026-03-23,75.64,75.64,2587242.0
2026-03-24,75.55,75.55,2580375.0
2026-03-25,75.52,75.52,2163316.0
2026-03-26,75.69,75.69,3302600.0
2026-03-27,75.67,75.67,2093051.0
2026-03-30,75.55,75.55,2855392.0
2026-03-31,75.59,75.59,2600356.0
2026-04-01,75.6,75.6,2266377.0
2026-04-02,75.65,75.65,3116069.0
2026-04-06,76.01,76.01,101701146.0
